0	kong
1	gan
10	teng
11	beno
12	mou
13	qiu
14	zhuo
15	pei
16	kua
17	jieo
18	ran
19	jue
2	hun
20	zun
3	cen
4	pan
5	sai
7	kou
8	niu
9	yaon
Akademia konfucjańska	dian-ba
Cesarz	gong-piao
Cesarz (tytuł)	gong-piao
Cesarzowa	pan-tu
Cesarzowa wdowa	tie-dei
Dynastia	dui-juan
Geograficzne Centrum	luan-huai
Jelito cienkie	jia-tui
Jelito cienkie (organ TCM)	jia-tui
Jelito grube	zhui-wen
Jelito grube (organ TCM)	zhui-wen
Minister	fu-ze
Ministerstwo Dochodów	nano-rua
Ministerstwo Personelu	zei-mao
Ministerstwo Sprawiedliwości	dui-qiong
Ministerstwo Wojny	lao-ceng
Niedobór	nu-xun
Niedobór (TCM)	nu-xun
Pęcherz moczowy	seng-da
Pęcherz moczowy (organ TCM)	seng-da
Pęcherzyk żółciowy	ruo-dao
Pęcherzyk żółciowy (organ TCM)	ruo-dao
Płuco	ren-ban
Płuco (organ TCM)	ren-ban
Turniej Boskiego Cesarza	lue-zhuan
aby pokonać twardość	ci-die
adept	ma-cha
agat	kei-niang
akapit	shan-zuo
aksamitny	zang-fou
aktualizować	wei-bin
akupunktura i moksybucja	mi-ba
akupunkturzysta	mi-ba-ren
albo	douo
ale	tan
ale używany)	jun-qi
alkohol	geng-peng
alkohol, wino	geng-peng
altair	guango-ku
altair (pasterz wołów	guango-ku
altair (pasterz wołów, gwiazda)	guango-ku
aluzja klasyczna	wa-nuan
ametyst	a-yin-gen
amitabha	mo-wan-huang
amitabha (mantra)	mo-wan-huang
amulet ochronny	cuo-fa-duo
ananas	kuang-qing
ani trochę	fang-zhao
anyż gwiaździsty	liao-qia
apatyczny	dong-shuan
apteka	tuo-luo
arbuz	guoo-can
architekt	lian-reng-ren
architektura	lian-reng
argumentować	ca-li
arhat	feng-pian
armia	wu-xuan
aromat	ne-gu
aromatyczny	dui-za
artykuł	shui-ai
arystokratyczny	gui
ashikagama	ashikagama
ashikagama (nazwa własna)	ashikagama
aspekt trwający	nei
aspekt trwający (marker)	nei
astragalus	li-lang
astronomia	zuan-zhi
atakować	sun-kan
atractylodes	tan-da
atrakcyjny	ne-lai
auspicyjny	chuang-weng
autor	gen-pa
autorytet	run-hai
autostrada	en-dun-le
ba-Xue mian-kou	niu-rong
babcia	dan-shun
babcia od matki	ei-ma
babcia od ojca	cu-ran
badania	wen-bei
bagno	huai-luan
bagno, mokradła	huai-luan
bakłażan	zhan-ti
balustrada	da-xun
bambus	zhuo-ming
bambus łzawy	zhuo-que
bambusa rdzawa	zhuo-mang
banan	guoo-gan
bank	pie-miu
bankiet	jue-la
banknot srebrny	liu-kao
bar	gong-gei
baran	kao-fa
baranina	rouo-de
bardzo	beio
bardzo ciężki	zhui-za
bardzo szybki	cu-wei
baron	cuan-qing
barwienie	pu-cha
barwnik	zhong-yue
basen	ti-dun-ou
bat jeździecki	tuan-jiong
bawełna	zhe-qin
bawełna (tkanina)	zhe-qin
bawół wodny	niuo-wo
bać się	ru
belka	pi-ri
bezcenny	lang-shang
bezlitosny	nei-sun
bezpieczeństwo	diao-eng
bezpiecznej podróży	gen-hen-jiang
beżowy	beng-dao
biała herbata	gango-eng
biała rosa	de-seng
biały	miu
biały tygrys	tigo-zen
biblioteka	xu-pu-nei
bicie dzwonu	shun-you
bicz	fo-jiong
bicz dziewięcioczłonowy	jia-jia-fo
biec	le
biegać	gan-a
bielizna	shuai-nei
biodro	bian-xian
biografia	se-shang
biurko	pen-kei
bić pokłony	zhuo-qun
bić w bęben	suo-pai
bliscy	sang-zao
bliscy,	sang-zao
bliski	gua
blokować	can-quan
bo	gun
bo / ponieważ	gun
bob	caio-er
bodhisattwa	pan-gong
bogactwo	rong-cang
bogaty	nue
bracia	wen-ling
brama	rong-ji
brama (budowla)	rong-ji
brama góry	shano-sun
brama góry (klasztoru)	shano-sun
bransoletka	xi-suo
brat	rui
brat cioteczny	gen-da
brat cioteczny (młodszy)	gen-da
brać kąpiel	mie-ken
broda	yao-ru
broda, wąsy	yao-ru
brokat	zei-fu
bronić się	ye-kua
browarnik	cheng-yuan
browarnik, gorzelnik	cheng-yuan
broń	chui-kan
brudny	huao
brutalny	cang-bing
brutalny, gwałtowny	cang-bing
brwi	ding-han
bryła	xiong-wa
brzeg rzeki	heo-yue
brzoskwinia	guoo-nuo
brzuch	de-tian
brzydki	kui
brązowy	chai-shun
budda-przodek	nue-qi
buddyzm	dian-zhan
budować	zu
budować łódź	zu-chu
budowniczy łodzi	teng-zhang
budynek piętrowy	zu-ting
budzący respekt	que-shuai
burza	baoo-ka
burza z piorunami	baoo-xu
burzyć	cuan-yong
but	heng
butelka	guan
butelka wody	a-yang
bułeczki gotowane na parze	bao-zi
bułeczki na parze	hun-rou
bydło	nin-xie
byk	dang-cong
bystry	kai-ha
bystry, mądry	kai-ha
być	ai
być może	xun-zei
być posłusznym	gui-mie
ból	ang-ran
ból brzucha	hun-re
ból głowy	ne-suo
ból pleców	sou-zhui
ból zęba	xiang-dong
bóstw)	si-mu
bóstwo	dai-pa
bóstwo	juan-ru
bęben	cou-ning
błogosławieństwo	cuan-se
błyskawica	diano-guo
błyskawiczny	diano-qiong
błyszczący	diu-zhai
błyszczący	re-nai
błąd	shuo-lin
błękitny	kun-zou
cal	ju-le
cal (~3cm)	ju-le
cang-Sou	sa-wa
cang-Sou ze skrzyżowanymi nogami	zhang-ji
całkiem	eng-bin
całkowicie	su-zha
cały	si-zhai
cecha charakterystyczna	cen-kai
cegła	bei-xi
cel	geng-heng
cel	hun-dian
cena	jia-ge
cena zakupu	che-hong
cenny	eng-hei
cenny, rzadki	eng-hei
ceramika	deng-pu
ceremonia	diao-you
ceremonia buddyjska	hun-lan
ceremonia pogrzebowa	pin-za
ceremonia taoistyczna	gou-gei
cesarskie	ne-zha
chaotyczny	zong-seng
charakter	ao-long
charakter (rzeczy)	ao-long
chcieć	guoo
chen Lu	chen-lu
chen Lu (imię własne)	chen-lu
chińska jagoda woskowa	kai-tuan
chleb	miano
chmura	tiano-lian
chodzić	di-cu
chodzić, iść pieszo	di-cu
choroba	mian-lue
choroba (formalne)	mian-lue
chory	qia
chorągiew	miu-du
chronić	liu-xia
chropowaty	mo-sou
chropowaty, drapiący	mo-sou
chryzantema	dei-xue
chusta	si-mo
chusta, szal	si-mo
chusteczka	chuan-che
chwalić	di-fan
chwała	rongo
chwytanie i kontrola	beng-gao
chwytać	cang-huang
chwytać, łapać	cang-huang
chłodny	weno-fou
chłód	tian-pin
cichy	ango-pen
ciekawy	qu-yuan
ciekawy, interesujący	qu-yuan
ciemnoczerwony	mao-gen
ciemnoniebieski	nao-ling
ciemnozielony	nano-liu-li
ciemność	ting-gua
ciemny	mano
cienkość	shuio
ciepły	weno-feno
cierpienie	ru-meng
cierpienie wewnętrzne	o-kuo
cień	mi-sheng
cieśla	xin-hou
cieśnina	seng-fang
ciocia	he-zhuan
ciocia (siostra ojca)	he-zhuan
ciotka	lang-ku
ciotka (siostra ojca)	lang-ku
ciągle	zu-run
ciąć	pa
ciąża	shuang-lai
ciężki	haoo
ciężkość	yun-bing
cnota	zhi-zhai
cnota, moc	zhi-zhai
co	neng-ru
cofać się	nie-wu
cofać się, podupadać	nie-wu
cordyceps	zhu-zong-ou
coś	qie
cukry	ruan-gan
cyfra	gang-can
cylindryczny	sheng-ting-san
cynobrowy	ta-tiao
cyprys	zi-fan
cytryna	guoo-ze
cywilizacja	tiao-heng
czajnik	xing-bu-sa
czajnik do herbaty	ning-wen
czający się tygrys	tigo-ge
czający się tygrys (idiom)	tigo-ge
czapka	teng-xia
czapla biała	te-bian
czapla szara	si-sen
czarka do herbaty	xuan-fu
czarna herbata	gango-min
czarny	mei
czarny wojownik	sheo-da
czarny wojownik (kierunek północ)	sheo-da
czarny wojownik (kierunek północ), żółw i wąż	sheo-da
czarny wojownik, żółw i wąż	sheo-da
czas	huan
czasem	gang-nou
czcigodny	si-mu
czcigodny (dla władców	si-mu
czcigodny (dla władców/bóstw)	si-mu
czcić	dang-pin
czcić bogów	chong-qun
czcić przodków	diu-wei
czekać	wa
czerwony	mao
czerwony ptak	mao-ban
czerwony ptak (kierunek południe)	mao-ban
czesać włosy	zhu-kang
czoło	geng-guo
czterdzieści	chui-luan
cztery	xie-sao
cztery skarby gabinetu	zhio-chu-o
cztery skarby gabinetu (pędzel	zhio-chu-o
cztery skarby gabinetu (pędzel, tusz, papier, kamień)	zhio-chu-o
czterysta	nong-reng
czuć	zuan-chan
czwarty	yuan-cang
czysta Kraina	seng-ne
czysty	cha-che
czysty	cha-hui
czytać	mi
czytać książki	mi-ming
czytelnik	mi-zu
czyścić	cha-jing
czyścić, myć	cha-jing
często	nang-diao
częściowo	li-hou
częściowo pochmurnie	tiano-gou
członek	yao-ce
członek sekty	kuo-kun
członek sekty/klanu	kuo-kun
człowiek	que
człowiek niski	chu-rao
człowiek zemsty	leng-mi
córka	gui-liang
dachówka	zang-qie
daktyl chiński	zu-ji
dawać	nian-cai
dawać rabat	jue-heng
dawać w prezencie	ai-niang
dawno się sui-qu widzieliśmy	cou-quan-piao
dawno temu	ren-shui
dać	dio
dać prezent	pai-gei
dbający	kao-dao
debata	dang-hang
debata, spór	dang-hang
decydować	yu-kao
degustować	ken-qin
degustować	lue-xiu
degustować herbatę	ken-xi
dekarz	zhuang-dang
dekoracja	nue-nou
dekret prawny	yan-gu
delektować się	lue-xiu
delektować się, degustować	lue-xiu
delfin	haio-qiu
delikatnie pachnący	chua-zhou
delikatnie piękny	zhou-nong
delikatny	sui-liao
delikatny	xin-pan
delikatny	zha-mang
delikatny, subtelny	zha-mang
demon	hao-quan
demon, potwór	hao-quan
deska	nuo-xi
deszcz	yuo
deszcz zbóż	yuo-ben
deszczowy dzień	yuo-ming
dharma buddyjska	ping-qin
diagnoza	zhao-xuan
diagram Taiji	mang-tai-nuan
diagram rzeki	wa-luo
dialog	qia-zhua
diament	duo-xuan
diu-Ruan z łóżka	pen-lun
dlaczego	xiaoo-na-shu
dmuchać	shio-han
dmuchać (na gorące)	shio-han
do widzenia	gu-rao
dobić do brzegu	haio-que
dobranoc	guang-suo
dobrobyt	geng-nuan-tuan
dobry	nue-han
dobry przyjaciel	de-wu
dobrze	suo-zhua
dobrze, porządnie	suo-zhua
dodatkowy	zi-lang
dodatkowy, pomocniczy	zi-lang
dodawać	tan-ou
dogodny	ceng-zun
doktor	lei-gun
doktor (stopień)	lei-gun
dokument	lai-kei
dokładać drewna	tuo-lin
dokładnie południe	fang-nan-zheng
dokładnie północ	fang-bei-zheng
dokładnie wschód	fang-dong-zheng
dokładnie zachód	fang-xi-zheng
dokładny	liao-ri
dokładny, precyzyjny	liao-ri
dolina	guo-guang
dom	shio
dorsz żółty	dongo-huan
doskonały	o-yang
doskonały, wyśmienity	o-yang
dostarczać	ting-gen
dostać	ei
dostosowywać	kuo-cao
dotknąć	cuo
dotrzeć	tiao-chou
dowód	shai-luan
dowódca dziesiątki	su-cen
dowódca wojskowy	zhuai-shen
doświadczać	ai-cui
doświadczać, zrozumieć	ai-cui
doświadczenie	da-zhu
dość	eng-bin
dość, całkiem	eng-bin
drabina	xian-miao
drapiący	mo-sou
drewniany bęben rybka	hai-jin
drewno	zui
drewno cedrowe	li-le
drewno różane	hu-pian
drewno sosnowe	die-shen
drobny	mang-lao
droga	tai
droga Człowieka	pei-gai
droga Nieba	pu-dao
droga Niebios jest bez końca	tian-ruo
droga medyczna	ji-kai
drogą lądową	mei-ya
drogą wodną	dei-kei
drugi	che-yao
drugorzędny	gao-beng
drwal	qian-chong
drzemka	miao-zui
drzewo	xiaoo
drzewo sandałowe	tano-kan
drzwi	sou
drążek	miu-nin
dręczyć	qiu-kuan
duch	lue-ning
duch (ogólnie)	lue-ning
duch przodka	qie-you
duch węża	han-hei
duchy i bóstwa	pei-nan
dudnienie	zhuang-gua
duma	rongo-pao
duma (pozytywna)	rongo-pao
dusić powoli	duo-ting
dusić w sosie	yoo-xia
dusza	hu-wa
dużo	gaoo
duży deszcz	yuo-tong
dwa	hu-ting
dwieście	tai-biao
dynia	hui-den
dyscyplina naukowa	bing-du
dyskutować	fo-ping
dystrybuować	se-ya
dywan	ken-xing
dywan, mata	ken-xing
dzban	nun-jiao
dzban na wodę	wen-qia
dziadek	dui-bai-suan
działanie	cha-wu
działanie, efekt	cha-wu
dziczyzna	su-tai
dziecko	reno
dziedziniec	sao-dong
dzielić	guo-liang
dzielić, rozdzielać	guo-liang
dziesiąty	za-niu
dziewiąty	wo-lun
dziewięćdziesiąt	shuan-wen
dziewięćset	meng-chuai
dzieło	juan-tuo
dzieło, utwór	juan-tuo
dzień	jian
dzień dobry	zhuang-rui
dzik	ru-gu
dzika trawa	xino-piao
dzikie pole	man-pu
dzikie zwierzę	dongo-ta
dzikie zwierzęta	dongo-shui
dzisiaj	shuang-hen
dziwny	zan-hu
dziwny, osobliwy	zan-hu
dzięgiel chiński	chu-zhuan
dziękować	zuo-zhui
dziękuję	poye
dół	cang-sou
dążyć do celu	nue-ze
dłoń	zan-di
długa szata	sang-ha
długi	die
długi czas	suo-lei
długotrwały	chan-miao
długowieczność	geng-nuan-tuan
długość	guan-sen
dłuto	niang-cun
dźgać	gu-che
dźwigać	ne-nei
dźwigać (na ramieniu)	ne-nei
dźwięczny	cha-che
dźwięczny, czysty	cha-che
dźwięk	jiao-fo
dżdżownica	shao-guo
dżungla	lin-tuo
edukować	sui-den
efekt	cha-wu
egzaminy cesarskie	hu-sui
ekologia	lue-hang
ekscytacja	miu-shui
ekspert	lian-zhuang
eksploracja	zhun-nun
eksploracja, poszukiwanie	zhun-nun
emocja	chan-kou
emocja (rzeczownik)	chan-kou
energia	rang-bei
energiczny	bian-ruo
energiczny, żywy	bian-ruo
enoki	pin-lai-huai
entuzjastyczny	ne-chong
entuzjazm	za-qing
entuzjazm, zapał	za-qing
epoka	hai-le
era	hai-le
era, epoka	hai-le
erudycja	o-zao
erupcja	guai-suan
esej	sheng-ben
esej, kompozycja pisemna	sheng-ben
esencja-energia-duch	sang-di-dang
etap	tou-qiang
etap	zou-gui
etap, faza	tou-qiang
etyka	sai-mei
etykieta	miao-ju
etykieta	quan-mei
ewolucja	le-ceng
fabryka	jun-heng
faktyczny	shuai-ga
fala	dai-pao
fantazja	zan-shou
fantazja, iluzja	zan-shou
farbarz	rua-chun
farma	jian-run
fasola	caio-er
fasola azuki	caio-sheng
fasola mung	caio-zi
fasola, bob	caio-er
faza	tou-qiang
fałszywy	de-shun
fałszywy	lie
feniks	jing-gu
fermentować	shun-bu
fermentować, warzyć	shun-bu
festiwal	que-na
filiżanka do herbaty	chan-ni
filozof	chi-qia-zui
filozof	zhe-ren
filozofia	zha-chua
fioletowy	en-zong
firmiana	gun-ping
flegma-wilgoć	zhuan-reng
flet bambusowy	zhuo-ce
forma	chu-a
forma,	chu-a
fortuna	geng-nuan-tuan
fortuna, dobrobyt, długowieczność	geng-nuan-tuan
futro	zhao-shui
gabinet	lun-ao
gad	pai-zun
ganić	cen-bu
ganić, łajać	cen-bu
gardło	ao-meng
garncarz	ban-hun
garnek	mai-tang
garnitur	bie-wa
gasić ogień	zha-mie
gaza	ca-zui
gaza, muślin	ca-zui
gazeta	ken-dong
gałązki cynamonu	liao-shang
gałąź	zhio-ta
gdzie	hen-yuan
generał	zei-men
geografia	reng-xue
gigantyczny	bie-men-xin
gigantyczny	wen-reng
glina	la-sha
glina garnczarska	cuo-rao
globalne ocieplenie	qio-yu-en
gnać	chua-chu
gniew	nuo-dun
godzina	mi-fou
goleń	chi-mie
gorliwy	ne-chong
gorliwy, entuzjastyczny	ne-chong
gorzelnik	cheng-yuan
gorzki	kano
gorąca energia	qio-gen
gorąco płuc	qio-song
gorący	weno-eng
gospodarz	ke-bu
gotowana woda	zhe-heng
gotowany	mou-tao
gotowany na parze	mou-kang
gotowany ryż	fano-sheng
gotowany, ugotowany	mou-tao
gotować	mou-wen
gotować na parze	mou-dan
gotować na parze bułeczki	mou-kua
gotować ponownie	mou-ba
gotować ryż	fano-jing
gotować w wodzie	mou-jia
gotować wodę	mou-pa
gotowy	zhüo
gołąb	geo-ku
gościnny	miao-gu
gość	zen-ding
goździk	liao-ci
gra	fen-qiu
grabie	tiao-xuan
grad	nin-lin
granit	liu-reng-chen
gratulacje	feng-zheng
grawerować	ping-shun
grać na flecie	shuai-duan
grać na instrumencie strunowym	xu-lin
grillować	kaoo-jin
grubość	jiang-nue
gruszka	guoo-ye
grzeczność	nin-zeng
grzmot	ai-ma
grzyb	ji-nai
grzybek srebrny	liu-gao
grzywna	tian-guai
guan-Ruan	dao-tuan
guan-Ruan (lutnia)	dao-tuan
guanyin	rao-en
guanyin (bogini litości)	rao-en
gubernator	mang-wei
gubernator generalny	keng-feng
gubernator prowincji	pen-ne
guqin	juan-bin
guqin (cytra)	juan-bin
guzheng	tian-jian
guzheng (cytra)	tian-jian
gwarancja	yuan-meng
gwałtowny	cang-bing
gwiazda	guango-no
gwiazda)	guango-die
gwiazda)	guango-ku
gwóźdź	fang-zhuan
góra	shano
górska ścieżka	sheng-bai
gęsina	xu-fa
gładki	zhuai-niu
głaz	nao-xuan
głodny	pie
głos śpiewu	song-zhuo
głowa	chao
głośny	paoo
głupi	cu-hun
głód	sen-zhua
główny	kuai-zei
główny, podstawowy	kuai-zei
głęboki	cui-ca
głęboki smutek	beio-shuo
haczyk	guang-nang
haczyk	jie-na
hafciarka	nai-fen
haft	zun-neng
hala	jiang-jian-zou
hala pałacowa	nian-se
handel	jian-lang
handel, transakcja	jian-lang
harmonia	ango-jiu
hałas	dang-hao
hałaśliwy	kuang-hen
heijiro	heijiro
heijiro (imię własne)	heijiro
herbaciarnia	pian-zuo
herbata	gango
herbata jaśminowa	gango-fa
herbata kwiatowa	xie-feng
hełm	ou-tui
hipokryta	de-shun
hipokryta, fałszywy	de-shun
hipopotam	xuan-ze
historia	ban-zhan
historia, opowieść	ban-zhan
historyczne	luan-huai
historyczne/Geograficzne Centrum	luan-huai
historyk	dui-chang-shuai
historyk	shi-ren
homar	xialo-zhen
honor	rongo
honor, chwała	rongo
hołd	jue-tiao
hołd (w mantrach)	jue-tiao
hrabia	hun-ning
huk	chuang-rui
i	lun
ideał	cen-zhao
igiełkowaty	wu-nou
igła do szycia	nie-huai
ile	nai-ming
iloraz	men-la
ilość	er-fou
iluzja	zan-shou
imbir	liao-rang
imbir świeży	liao-nao
imię	sha
imperium	meng-shua
indygo	caoo-cuo
indygo (roślina)	caoo-cuo
informacja	bin-zei
informacja	shuang-zhan
inny	lang-du
inny	wang-hu-su
inspirować	beng-lue
instalować	ceng-cun
instrument dęty	ji-tao
instrument muzyczny	ben-cen
instrument perkusyjny	cang-zun-ken
instrument strunowy	tan-fou
inteligencja	ga-tao
inteligentny	geng-wai
intencja	shui-jia
intensywnie pachnący	jue-nian
intensywny	zuo-zhou
intensywny (kolor)	zuo-zhou
interesujący	qu-yuan
intryga	cun-ze
intuicja	dang-xu
inżynier	gong-cheng-ren
inżynier	zhen-diu-jun
irytacja	nuo-dong
istnieć	pang-hang
istnieć, mieć	pang-hang
iść	ce
iść pieszo	di-cu
iść szybko	tuan-re
iść wolno	ling-zai
ja	ao
jabłko	guoo-shang
jadalny grzyb	sou-an
jade	chan-ruo
jadeitowa Rzeka	heo-ha
jadekit	ting-nie
jadowity wąż	sheo-shuo
jagody goji	zhu-chou
jajka	sen-shuo
jajko kacze	chong-zhao
jajko kurze	jio-ruan
jajko solone	zheng-diu
jajko stulecia	guai-can
jak	kuang-miu
jak, podobny do	kuang-miu
jak, podobny do (spójnik)	kuang-miu
jakość	ming-en
jaskinia	chan-mang
jaskinia w górze	a-ke
jaskrawozielony	nano-tun
jaskółka	yeno-cou
jasnoczerwony	mao-chuang
jasność	long-gong
jasny	maio
jaspis	chan-ruo
jaspis, jade	chan-ruo
jastrząb	yingo-tou
jastrząb, sokół	yingo-tou
jaszczurka	sheo-hua
jaszczurka ścienna	sheo-shi
jechać	bie
jechać wozem	kun-lin
jeden	cou-chang
jedna czwarta	hang-bin-min
jedna z 5 części nocy	gun-zhun
jednoczyć	duo-mian
jedność nieba i człowieka	lai-zuo-ti
jednym	xia-piao
jedwab	geng-xi
jedzenie	shio-deng
jego Wysokość	fu-diu
jego Wysokość (cesarz)	fu-diu
jeleń	luo-nie
jesień	mei-liang
jeszcze	nen
jeszcze sui-qu	yu-bin
jezioro	huoo
jeśli	jiao
jeść	ji
jeździć konno	yin-pang
jeż	lin-zhe
jiang-Zhua	duo-pao
jubiler	gei-zha-dian
junior	ru-ce
junior (hierarchia)	ru-ce
jutro	shuang-zha
język	dong-tang
kaczka	yamo-nong
kaczka mandarynka	yamo-ma
kaczka mandarynka (para)	yamo-ma
kadzidło	jia-biao
kadzielnica	yang-cang
kalendarz księżycowy	guango-peng
kalendarz słoneczny	zhuan-zang
kaligraf	ling-mie-rang
kaligrafia	wa-shuo
kaligraficzny skarb	juan-tai
kamieniarz	cun-lou
kamienna płyta	xue-mo
kamień	zhio
kamień do rozcierania tuszu	zhio-jiao
kamień)	zhio-chu-o
kampania wojenna	he-peng
kanclerz	gui-lai
kanon klasyczny	zong-lu
kao-Fa wątroby	tian-he
kapitan	gan-liao
kapusta chińska	caio-dou
kara	chong-cuo
kara śmierci	pin-tai
karmić piersią	wu-wei
karp	lio-de
kaszleć	xue-kuan
katar	xian-qiu
katastrofa	huang-fu
katastrofa spowodowana przez	jing-xi-reng
kawaleria	ta-kun
kawałek	xiong-wa
kawałek, bryła	xiong-wa
kawiarnia	ze-ban-yuan
kawowy	ran-pan
kałamarnica	tou-chun
każdy	kun
każdy z osobna	xiong-mang
kciuk	shai-lou
kelner	que-wu-chou
kichać	bei-de
kiedy	sui-gen
kiedyś	man-jiu
kiedyś, niegdyś	man-jiu
kieliszek do wina	qu-yang
kierowca	gei-ya
kierunek	kuan-han
kierunek wiatru	fengo-ei
kiełki fasoli	tiao-liu
kij	beng
kino	xiang-ba
kiwać	piao-ju
kiwać głową	zuo-hu
klacz	mian-sui
klamra	guang-nang
klamra, haczyk	guang-nang
klanu	kuo-kun
klasyfikować	zhun-ping
klasyk zmiany ścięgien	hun-chuo-seng
klatka piersiowa	chuango
kleik ryżowy	fano-jun
klej	xiu-nang
klepać	nue-nang
klient	nu-lin
klimat	qio-zhen
klon	ba-xue
klucz	run-zhang
klęczeć	gun-wan
kobieta	rao
kochać	quo
kogut	di-dao
kolacja	fano-ni
kolczyki	qiu-ai
kolega z klasy	zhou-zan
kolega z pracy	kang-ou
kolej	shun-an
kolendra	er-ye
kolor	kui-fou
kolorowy	sha-na
kolorystyka	wo-jiao
kolosalny	bie-men-xin
kolosalny, gigantyczny	bie-men-xin
komedia	tao-zhuan
komendant	nue-jiong
komfortowy	se-qi
komfortowy, wygodny	se-qi
komin	jun-zhuang
kompleks niższości	nang-fang
komplet	mo-nue
kompletny	si-zhai
kompletny, cały	si-zhai
kompozycja pisemna	sheng-ben
kondensacja	rao-nian
konewka	quan-fang
konfucjanizm	chu-zhu
konfuzja	dia-hen
kongie	fano-jun
kongie, kleik ryżowy	fano-jun
koniec upału	qi-kuai
konieczny	shui-kou
konkubina cesarska	o-chang
konkurent	fo-you-zuo
konkurować	ku-tou
konserwatywny	ge-lao
konserwować	can-xiang
konstelacja	chao-ye
konsultować	wu-gui
konsultować, omawiać	wu-gui
konsumować	zai-wu
konsumować, zużywać	zai-wu
kontaktować się	ding-hui
kontynuować	bie-seng
konwersować	xing-jian
konwertować	lai-lun
kopanie	xun-nie
kopać	gang-mao
kora cynamonu	liao-yang
kora drzewa	chang-run
koral	luan-bo
korespondencja	kan-duo
korespondować	pu-ha
korygować	sa-shua
korzeń	geno-suo
korzeń drzewa	geno-du
kostka	dian-lao
kostka (nogi)	dian-lao
kosz	pai-xia
kosz (duży)	pai-xia
koszt	che-hong
koszt, cena zakupu	che-hong
koszula	cheng-liao
kot	maoo
kotlarz	hou-huo
kowal	bao-jun
koza	yango-sai
kołowrotek	ju-reng
koń	pao
koń bojowy	pao-shuo
kości	ri-dai
kość	cuan
kość słoniowa	mian-pai
krab	paoo-ka
kraina wróżek	kong-xin
kraj	li-ying
kraj, państwo	li-ying
kratka okienna	sha-tu
krawiec	sou-mei
kreatywność	juan-chua
kredens	chang-ruo
krew	cong
krewetka	xialo-lun
krewni od męża	xia-fo
kroić	qiao-pao
kroić w kostkę	qiao-hang
kroić w paski	qiao-ning
kroić w plasterki	qiao-zun
krok	zou-gui
krok, etap	zou-gui
krokodyl	eo-ca
krosno	gei-cou
krowa	niuo-jun
kruchy	xin-pan
kruchy, delikatny	xin-pan
kruk czarny	yamo-bu
krwawić	meng-zhu
kryształ	zhun-jie
krytykować	shua-zhun
kryzys	she-nei
kryzys, niebezpieczeństwo	she-nei
krzesło	hei-zhan
krzyczeć	bian-hen
krzyczeć, wołać	bian-hen
król	gao-niang
król smoków	lian-jue
królik	tuo-jiang
królik (mięso)	tuo-jiang
królowa	ou-lou
krótka kurtka	ei-qie
krótki	diu
krótkotrwały	zun-xiao
krótkość	hou-fu
kręty i nierówny	pai-luan-que
ksitigarbha	geng-zao
ksitigarbha (bodhisattwa)	geng-zao
książka	zhan-ne
książę	lian-chuan
książę (syn króla)	lian-chuan
księgarnia	ying-dei
księżniczka	guo-jiao
księżyc	guango-yo
kształt	qiu-kei
kto	ri-pie
ktoś	she
który	keng-zen
kubek	guai
kucharz	xue-han
kuchnia	shio-dao
kulisty	rao-ang
kultura	zun-man
kultywować	gong-zuan
kultywować, trenować	gong-zuan
kung cuan-se	gang-bin
kung cuan-se	tun-dia
kung cuan-se, sztuka walki	tun-dia
kupiec	den-sang
kupować	ang
kupować rzeczy	lang-tan-kou
kura	jio-zhun
kurczak	jio-nin
kurtka	duan-suo
kusza	xian-zu
kuzyn	hai-ni
kuzyn (starszy	hai-ni
kuzyn (starszy, od matki)	hai-ni
kwadratowy	ruan-chan
kwadratowy kształt	zhe-tui
kwaśny	kai
kwiaciarnia	le-dang
kwiat	xie
kwiat bambusa	xie-ting
kwiat brzoskwini	xie-gun
kwiat granatu	xie-long
kwiat gruszy	xie-bie
kwiat moreli	xie-nuo
kwiat wiśni	xie-hua
kwiat śliwy	xie-die
kwiaty i trawy	xie-leng
kąpać się	tang-sheng
kłamstwo	chuai-geng
kłopot	xue-zhuan
kłus	zun-gao
kłuć	gu-che
kłuć, dźgać	gu-che
kłącze lotosu	bian-dao
lada	diu-li
lakiernik	miao-ao
lakierować	xiong-ding
lampa	leng-ku
lampa oliwna	run-ting
las	lino
latający nóż	pai-huai
latający-kopnięcie-uderzenie	wa-xia-seng
latarnia	liu-zu
lato	yan-ang
lazurowy smok	lian-zei
lazurowy smok (kierunek wschód)	lian-zei
lecieć	er-da
leczyć	se
lecący Kopniak	rong-niao
legenda	dan-di
lejce	zhuo-zhong
lekarstwo	zhao-ruo
lekarstwo, zioła	zhao-ruo
lekarz	xun-rang
lekcja	lie-shua
lekcja (z błędu)	lie-shua
lekka umiejętność	ken-pa
lekka umiejętność (latanie)	ken-pa
lekki	heno
lekki wiatr	fengo-zei
lekkość	yun-bing
lekkość/ciężkość	yun-bing
leniwy	nen-lian
lepiej	wu-shou
lew	leo-run
lewa strona	kuo-shuai
leżeć	jun-liu
leżeć na brzuchu	ban-kuang
leżeć na plecach	xing-wan
lianyu	lianyu
lianyu (nazwa własna)	lianyu
liczba mnoga	sen
liczba mnoga (marker)	sen
liczi	en-si
liczyć	shang-shan
ligusticum	tai-ruan
lilia	e-lue
lina	bei-zei
lina	ting-cen
lina z grotem	ti-rou
linia	tao-fou
linia, wiersz	tao-fou
liryka	ya-ju
liryka (forma poetycka)	ya-ju
lis	hulo-bi
lis używający tygrysiej siły	tigo-lun
lis używający tygrysiej siły (idiom)	tigo-lun
list	kan-duo
list, korespondencja	kan-duo
litera	o-tai
literat	kai-du
literatura	dang-ti
litościwy	hou-ke
liście herbaty	qiu-pang
liść	xiu
liść drzewa	shen-cun
lodowaty	zeng-luan
lodowaty, mroźny	zeng-luan
lodowiec	den-nen
lodówka	sui-pang
lojalność	ci-shuo
lojalność	mo-chou
lojalny	qian-wen
longan	zuo-duo
los	leng-dou
los	piao-pai
los, przeznaczenie	piao-pai
lotnisko	tu-dong
lotos	muo-qun
lubić	re
lud	gun-ci
ludność	bing-lie
ludzkość	jue-kao
lue-Xue i Kao-Fa	xiaoo-diu
lue-Xue nerek	zao-xiong
lukrecja	san-chuo
lutnia chińska	guan-ruan
lód	zen
lśniący	diu-zhai
lśniący, błyszczący	diu-zhai
machać ręką	kun-beng
magazyn	lan-re
maitreya	sha-hou
maitreya (przyszły Budda)	sha-hou
makaron	miano-dui
makaron w zupie	miano-wu
makrel	ran-tie
malarstwo	hua-weng
malarstwo pejzażowe	hua-ba-ba
malarz	hua-ren
maleńki	mang-lao
maleńki, drobny	mang-lao
malować obrazy	hua-ba
mandarynka	guoo-en
mandat Niebios	bin-he
marchew	caio-pian
markiz	shun-bie
marmur	ne-cuan-wo
marnować	za-rua
marszałek	bian-huang
martwy	luo
marynarka	lei-dan
marzenie	dian-kan
marzenie, sen	dian-kan
marzenie, sen (aspiracja)	dian-kan
masaż	suan-chuang
maska	die-hai
mata	ken-xing
mata	suo-niao
mata (do siedzenia)	suo-niao
matematyka	cou-ruo
materiał	chuan-zhuo
matka	rua
mała łódź	shun-nen
małe dojrzewanie	nian-hen
małe dziecko	he-nue
mało	min
małpa	houo-nai
mały bęben	liao-xiang
mały chłód	zhan-deng
mały deszcz	yuo-ke
mały upał	ding-zei
mały śnieg	xueo-bai
mdłości	nian-pu
meble	cao-kuai
meduza	zheo-kua
medytować	pa-hen
medytować (ogólnie)	pa-hen
melodia	nie-he
melon zimowy	guoo-ying
meridiany	jing-luo
merydian	jing-lou
metafora	lou-fan
metal	zouo
meteor	guango-sun
meteor, spadająca gwiazda	guango-sun
meteoryt	beng-ze
metoda	bang-guai
metoda	chai-mie
metoda serca	xiang-zhang
metoda serca/umysłu	xiang-zhang
metropolia	pi-meng
mglisty	diu-hei
mgła i opary	wuo-shi
miasto	jiong-seng
miasto	tie
miecz	fen-mai
miecz	zuoo
miecz Trzech Przysiąg	cang-liu-zhang
miednica	jing-rang
miejsce	re-mang
mierzyć	beng-chuan
miesiąc	keng
mieszać	bano-xin
mieszać (składniki)	bano-xin
mieszkanie	dan-lang
mieć	an
mieć	pang-hang
mieć biegunkę	zhe-cao-jian
mieć gorączkę	qio-shi
mieć granice	qie-min
mieć spotkanie	keng-shun
mikroskopijny	li-gei-ka
milion	bai-wan
miotła	tuan-que
miska	gong
mistrz	chen-zhang
mistrz	cheng-chen
mistrz (honorowy tytuł)	chen-zhang
mistrz (ogólne	cheng-chen
mistrz (ogólne, szanujące)	cheng-chen
mistrz (tytuł honor.)	chen-zhang
mistrz sztuk walki	guo-zhui-zheng
mit	huai-bing
mityczna opowieść	ca-zhun-suan
mityczne zwierzę	dongo-kao
miu-Du i krew	ke-za
miąższ owocu	duano-sai
miękka droga	chuang-cao
miękka droga (japoński termin)	chuang-cao
miękka siła	dui-dan
miękki	jiuo
miękkie drewno	lu-nue
mięsień	wu-que
mięso	rouo
mięta	pi-yu
miłość	qu-zhou
miłość (rzeczownik)	qu-zhou
miłość romantyczna	qu-san
mleko	naio-ta
mleko sojowe	naio-bao
mnich buddyjski	man-dui
mniej	sa-dei
moc	zhi-zhai
mocny	hai
modlić się	sa-qiao
mokradła	huai-luan
mokradła	wan-ang
mokry	shio-wai
monarcha	zhun-cui
moneta	xun-zong
moneta miedziana	bin-hei
moralność	zhi-dia
morela	guoo-biao
morska fala	bao-zong
morwa	hua-nuan
morze	haio
motocykl	jue-han-ga
motyka	sen-fou
motyl	dieo-mao
może	meno
możliwe	kai-eng
możliwość	yi-hei-fan
można	pao-he
mroźny	zeng-luan
mrówka	yio-qiong
mu-ling	jiang-zhua
mundur	run-rua
mundur wojskowy	fou-wang
mur miejski	neng-huan
musieć	hu
muszla	beo-za
muszla, skorupiak	beo-za
muzeum	nano-geng-cao
muzyk	ban-gou
muzyk	yue-ren
muł	chun-guan
muślin	ca-zui
my	lano
mysz	rao-mo
mysz, szczur	rao-mo
myć	cha-jing
myć podłogę	cha-qiu
myć twarz	cha-huai
myśleć	geo
myśli)	mie-tang
myśliwy	cao-ceng
mówić	bi
mózg	meng-ya
mądrość	dai-te
mądry	geng-wai
mądry	kai-ha
mądry, inteligentny	geng-wai
mąż	juan-nie
mąż cioci	tao-deng
mężczyzna	qun
mężny	sou-yu
mężny, nieustraszony	sou-yu
młodsza współuczennica	jian-chun
młodsze)	jue-keng
młodszy generał	ran-niang
młody	duoo
młot	liao-ang
młotek	chuang-xi
mżawka	wan-chang-ya
na podstawie	zhuang-wei
naczelnik powiatu	zu-wa
naczynia stołowe	xiong-mei
naczynie	ei-cuo
naczynie krwionośne	qiao-lei
naczynie, przyrząd	ei-cuo
nad ranem	ren-re
nadmiernie	nang-niang
nadzieja	di-zao
nagle	niu-zuan
nagolennice	diao-gei
nagroda wojenna	hou-ku
najbardziej	lie-gong
najlepiej	dian-liao
najwyższa ostateczność	niao-tuan
najwyższa ostateczność (Taiji)	niao-tuan
najwyższy	wen-gai
nalewać wodę	zhuang-tao
naleśnik	shuo-sou
namiestnik	na-hei
namiot	lie-luan
napierśnik	cu-guan-gun
naprawdę?	suan-fu-ju
naprawiać	hei-bie
naprzeciwko	seng-zui
naramienniki	nao-guo
narracja	chi-cong
narracja, opowiadanie	chi-cong
naruszyć	wen-fang
naruszyć (zasadę)	wen-fang
narzędzia ogrodnicze	ling-nian-fo
narzędzia rolnicze	gan-tai
narzędzie	kun-guan
naręcznice	long-long
nasiona lotosu	zhono-qia
nasiono	zhono-chan
następca tronu	huo-hong
następny	qia-fen-ling
następnym razem	zhuan-po
naszyjnik	xiong-qia
natura	ao-long
natura serca	cu-ti
natura serca/umysłu	cu-ti
natura, charakter	ao-long
natura, charakter (rzeczy)	ao-long
natychmiast	chun-xue
natychmiast	zei-shi
natychmiastowy	chi-she
nauczać	niang-fan
nauczyciel	ma-ren
nauczyciel pięściarstwa	ma-nian
nauczyć się	ma-ju
nauka	ma-an
nauka Fen-Mai	ma-dou
nauka Xiao-Diu	ma-bai
nauka walki	ma-zuan
nauka walki, sztuki	ma-zuan
naukowiec	tan-tun-yu
nawadniać	yang-wai
nawozić	pa-ban
nawóz	cong-geng
negacja	daoo
negacja (nie)	daoo
negocjacje	su-han
negować	nei-yue
nerka	duan-cuan
nerka (organ)	duan-cuan
nic	wuo
nici do haftu	lie-de
nie	nai
nie lubić	nin-se
nie ma problemu	man-song-di
nie ma za co	a-er-ma
nie można	kun-beng-e
nie rozumieć	ning-lang
nie szkodzi	mou-ruo-kang
niebezpieczeństwo	piao-chong
niebezpieczeństwo	she-nei
niebiański król	beng-weng
niebiański-mistrz	chao-teng
niebiańskie	nang-qian
niebiańskie Imperium Smoczej Korony	ha-chuo
niebiańskie Schody Ziemi	nuo-chua
niebieski	nao
niebo	tiano
niedbale	chua-zhuang
niedbale, od niechcenia	chua-zhuang
niedobór Kao-Fa	tian-gua
niedobór Lue-Xue	tou-fu
niedobór Miu-Du	lao-you
niedobór esencji	min-chuo
niedobór krwi	zha-hao
niedobór nerek	sa-can
niedobór śledziony	lin-pen
niedźwiedź czarny	xiongo-pei
niefortunny	gao-luo
niegdyś	man-jiu
niegrzeczny	bang-bai
niegrzeczny, psotny	bang-bai
niejasny	diu-hei
niejasny, mglisty	diu-hei
niekompletny	nun-ying-luo
niekoniecznie	ha-fan-ming
niemowlę	wa-nen
niemożliwe	zheng-liang-ou
niemożliwy do...	qiong-chui
nienawidzić	rio
nienawistny	dun-sa
nienawistny, wstrętny	dun-sa
nienawiść	ri-xun
nienawiść (rzeczownik)	ri-xun
niepełny	men-da
niepełny, uszkodzony	men-da
niepokoić	yin-beng
niepokoić, przeszkadzać	yin-beng
niepokój	chuo-niang
nieprzezroczysty	cha-zhan-bao
nieprzytomny	ge-chuan
nieregularny	guang-leng-tang
nierozgarnięty	gua-bing
niespodziewany atak	ceng-run
niespokojny	xiang-kong
niestabilny	kan-na-pi
nietoperz	zeng-gan
nieuchronność	luo-su-sao
nieustraszony	sou-yu
nieuważny	xie-zang-san
niewinny	shun-diao
niewygodny	pu-sou
niewyraźny	cao-hun
niewyraźny, zamglony	cao-hun
niewzruszony	sheng-liao
niezadowolenie	long-heng
niezmien ny	hui-leng
nieznany	xiu-kong
niezwykły	bang-pin
niezły	nue-han
niezły, dobry	nue-han
nieśmiertelny	dai-pa
nieśmiertelny, bóstwo	dai-pa
nigdy	mie
nikt	heio
niski	gou
niskiej jakości	hao-gong
niskość	beng-kan
niszczyć	zi
noga	chai
nos	chua
nosorożec	ruo-nie
nowy	duio
nożyce	qie-qiao
nuda	zao-xin
nudny	zhen-tuo
nuty muzyczne	nong-gui
nóż	bang
obawa	ru-pin
obawiać się	fen-wan
obcy	wai-que
obcy / przybysz	wai-que
obcy, przybysz	wai-que
obiad	tian-xing
obietnica	teng-kuo
objaśniać	sang-pi
oblegać	fo-nuan
obliczać	shang-shan
obliczać, liczyć	shang-shan
oblężenie	juan-nu
obojętny	dong-shuan
obojętny, apatyczny	dong-shuan
obok	fo-qun
obracać	ge-lei
obracać się	ha-ga
obrona	man-er
obserwować	rao-zha
obudzić się	ke
ocean	haio-ye
oceniać	nou-ju
oceniać	zun-ding
oceniać, wartościować	nou-ju
ocet	yoo-biao
ochrona zdrowia	man-chao
ochrona środowiska	wen-dai
oczekiwać z niecierpliwością	nuan-cou
oczywiście	nei-niao
od	rǎo
od (źródło)	rǎo
od matki)	hai-ni
od niechcenia	chua-zhuang
odcinać	zeng-ai
odczuwać	dao-geng
oddychanie	ye-hu
oddychanie (praktyka)	ye-hu
oddzielać	tu-zan
odejść	deo
odepchnąć	fan-keng
odkrycie	shuan-tou
odległość	fo-mao
odmawiać	cuo-qie
odmrożenie	lu-qing
odnawiać	wei-bin
odnawiać, aktualizować	wei-bin
odosobniony	kuang-shuo
odpowiadać	ca
odpowiedź	ha-gong
odpowiedź, rozwiązanie	ha-gong
odpychający	ju-jia
odrodzić się	zhen-si
odrodzić się, powstać	zhen-si
odróżnić	sai-zui
odwaga	ba-niu
odwar lekarski	bo-tuo
odwiedzać	wa-jing
odwrócić	chan-shun
odwrócić/otworzyć	chan-shun
ofiara	lu-rui
ofiara (przedmiot)	lu-rui
ogier	hou-han
ogień	zha
ogień serca	cuo-hui
ogień wątroby	kuan-ni
ograniczony	qie-min
ograniczony, mieć granice	qie-min
ogromny	wen-reng
ogromny, gigantyczny	wen-reng
ogród wewnętrzny	san-wo
ogórek	caio-zen
ogórek morski	caio-nen
ohydny	ju-jia
ohydny, odpychający	ju-jia
ojciec	rou
okazja	dai-lu
okazja	wang-shen
okej	kei
okno	sui
oko	chen
okoliczności	nie-zhuai
około	ning-kua
określenia	zhai
określony	cha-suo
okrutny	nei-sun
okrutny, bezlitosny	nei-sun
okrągły kształt	yin-zhe
okręt wojenny	lue-shuan
okulary	fei-chui
olej orzechowy	yoo-cuan
olej sezamowy	yoo-a
oleje	yoo-fang
omawiać	wu-gui
on	cou
on/ona	cou
ona	cou
one	lin
oni	lin
oni/one	lin
oolong	gao-ta
opadanie szronu	nian-pa
opanować	duan-luo
opanować (umiejętność)	duan-luo
oparzenie	ni-gu
opera	die-you-jue
opisywać	keng-shen
opowiadanie	chi-cong
opowieść	ban-zhan
opuścić	deo-re
opuścić	sun-jin
opuścić (miejsce)	deo-re
opuścić się	ga-juan
opuścić się, spaść	ga-juan
opuścić, wyjechać	sun-jin
opóźniony	biao-zui
orchidea	kuo-che
organizować	ban-chua
organizować	muo-zheng
orzeszki ziemne	chou-guo
osa	mio-xiu
osiem	xun-sun
osiem kawałków brokatu	nou-gu-zun
osiem trigramów	nang-qin
osiemdziesiąt	gei-mu
osiemset	diao-tuo
osioł	mai-mi
osiągnięcie	huang-tang
osmanthus	xue-yi
osobliwy	zan-hu
ostatni	geng-zuo
ostatnio	du-xiong
ostry	se-nu
ostry, pikantny	se-nu
ostryga	luo-shuo
ostrzegać	tong-mai
oszczędność energii	lan-mai-hu
oszczędność zasobów	ri-qian-nei
oszczędzać	ceng-wo
oszołomiony	hai-pang
oszukiwać	huo-jiong
osądzać	zun-ding
osądzać, oceniać	zun-ding
osłabiać	xing-shou
otrzymać	ceng-en
otrzymać	zhu-dun
otrzymać płatność	min-duan
otrzymać, przyjąć	ceng-en
otrzymywać	chu-pei
otrzymywać, zbierać	chu-pei
otwarty	zhuai-nu
otworzyć	chan-shun
otworzyć	su
owad	chongo
owalny	keng-cao-gu
owca	yango-shang
owoc	duano
owocowy zapach	duano-meng
ozdoba włosów	li-tie
oślepić wzrok	pie-qin
ośmiokątny	kan-zou-song
ośmiornica	zhango-tong
pacjent	ci-ge
padać	yuo-nen
padać (śnieg)	yuo-nen
pagoda buddyjska	guo-zen
paifang	ye-cai
paifang, łuk pamiątkowy	ye-cai
pająk	zhüo-ceng
pakować	huang-tie
palec	ceng
palec u nogi	zu-bing
palec u ręki	qia-fo
palisander	liao-tai
palić kadzidło	feng-zhuan
pamiętać	qian-heng
pamięć	hui-ce
pamięć, wspomnienie	hui-ce
pan	cao-kuang
pan (szlachetny)	cao-kuang
pancerz	dian-ben
panda	ruo-tuan
panika	ru-bie
papier	ming-bao
papier	zhio-chu-o
papier chuan-jiu	zhong-ze
papierowy pieniądz	cen-qiu
papryka chili	caio-zhong
papuga	wuo-yong
para	pai-nu
para (ludzi	pai-nu
para (ludzi, rzeczy)	pai-nu
para wodna	bu-pao
parasol	qun-cha
parawan	eng-neng
park	ai-te
park narodowy	fa-san-xing
parowanie	le-qu
partner	niang-chao
partykuła posiadania	zhai
partykuła posiadania/określenia	zhai
partykuła pytania	mo
partykuła tematu	lo
pasek	gan-lei
pasmo górskie	he-shuang
pasta z bobu	chuo-ce-zeng
pasterz	chuo-chen
patogen ognia	tun-kou
patogen suchości	qio-miao
patogen wiatru	fengo-zhao
patogen wilgoci	pa-nue
patrzeć	fa
patrzeć w dal	cou-luo
paznokieć	shua-luan
pałac	nian-se
pałac Boskich	ning-nin-hua
pałac postu	le-xu
pałac, hala pałacowa	nian-se
pałeczki	nou-shan
pałka	liang-tuo
państwo	li-ying
peleryna	bi-mian
perfumy	kuan-pang
perilla	zun-che
permanentny	nong-yue
perła	kang-eng
pestka	xi-song
pewność	sao-niang
pełny	hou
piasek	shao
piaskowiec	mo-shan
piec	kaoo-jin
piec, grillować	kaoo-jin
piechota	bie-zhu
pieczony	kaoo-pai
pieczęć	ying-gui
piekarz	die-pin
piekarz (ciasto)	die-pin
piekło	hua-rang
pielić	dun-xia
pielęgniarka	hu-ren
pielęgniarka	nian-de
pielęgnowanie życia	xiu-nei
pielęgnować uczucie	hua-lan
pieniądze	hongo
pieprz syczuański	liao-hua
pierogi	zhuo-jiang
pierwotna energia	tong-sa
pierwotna natura	chao-kao
pierwotna pustka	shi-hou
pierwotne niemowlę	nue-wu
pierwszy	xiong-ju
pierwszy na egzaminie cesarskim	peng-chuo
pierś	ri-xu
pierś (żeńska)	ri-xu
pierścień	bei-xiang
pies	gouo
pieszo	sui-la
pigułka	fu-suan
pijać	chong-mi
pijać (formalnie)	chong-mi
pikantny	se-nu
pilnik	ke-gen
piosenka	song-zhai
pisarz	muo-ren
pisać	muo
pisać list	muo-pei
pisklę	li-shang
pismo Duo-Pao	muo-hui
pismo urzędowe	muo-niu
piwonia	niang-miao
piwonia biała	qi-chuan
piwonia zielna	jia-xuan
piąty	wang-dong
pić	ju
pięciokątny	kou-zhui-zuan
piękny	ken
pięta	chou-a
piętro	cuo-pang
piętro, warstwa	cuo-pang
pięć	dui-shen
pięć elementów	cheng-teng
pięć stałości	zeng-ran
pięćdziesiąt	gui-nin
pięćset	she-pin
pięść	bing
pięść podbija	zhu-da
piżama	zhan-chong
plac	nang-xuan
placek	shuo-sou
placek, naleśnik	shuo-sou
planować	shen-jing
plaża	haio-mo
plotka	wo-ba
plotka, pogłoska	wo-ba
plutonowy	o-an
pochmurny dzień	tiano-peng
pochodnia	tai-ti
pochodzić z	rǎo-ci
pochodzić z / wywodzić się	rǎo-ci
pochodzić z, wywodzić się	rǎo-ci
pocieszenie	yin-gai
pocieszenie, ukojenie	yin-gai
pociąg	yuan-lan
pocić się	chang-yan
poczta	xin-gei
poczucie winy	bin-dia
poczuć zapach	o-gui
początek jesieni	feng-biao
początek lata	hou-sun
początek wiosny	ei-run
początek zimy	fo-qiao
początkujący	chan-geng
pod Niebem	san-wang
pod Niebem, świat	san-wang
pod wiatr	fengo-zhi
podarować	chuan-sai
podać	gou-ai
podbródek	huang-gong
poddać się	zou-en
podejrzliwość	cen-bai
podejść blisko	sheng-guai
podekscytowany	dong-nong
podeszwa stopy	lao-chun
podglądać	ei-mu
podnieść	lan-ba
podnieść rękę	qiao-dai
podnieść, wziąć	lan-ba
podnosić	cai
podobny	pian-niu
podobny do	kuang-miu
podobny do (spójnik)	kuang-miu
podróż	qiu-cao
podróżny kupiec	fo-yuan
podstawowe ćwiczenia	ca-ei-kou
podstawowy	kuai-zei
podupadać	nie-wu
poduszka	sha-xue
poduszka do siedzenia	zui-dan
podwójna tęcza	hongo-mou
podwójne haki	lei-zhuan
podwładny	hao-pu
podziw	dai-pai
podziw, uznanie	dai-pai
podziwiać	ding-zui
podłoga	ga-sa
poeta	zao-xiang
poezja	cong-ni
poezja (formalna)	cong-ni
pogardzać	hua-cu
pogoda	qio-tui
pogodny dzień	rong-sha
pogrzeb	wen-cao
pogłoska	wo-ba
poinformować	ci-cang
poinformować, powiedzieć	ci-cang
pojazd	quan-wa
pojedynek	chun-gan
pojedynek na śmierć i życie	sheng-si
pokazać	cui
pokolenie	jue-keng
pokolenie (starsze	jue-keng
pokolenie (starsze/młodsze)	jue-keng
pokonać	ha-cou
pokorny ja	hua-sha
pokorny ja (skromność)	hua-sha
pokorny sługa	kei-hou
pokorny sługa (o sobie)	kei-hou
pokrzewka	la-tang
pokwitowanie	kang-hen
pokój	ango-shu
pokój medytacji	da-sun
pole	man-pu
pole bitwy	shua-kua
pole eliksiru	weng-zhong
pole eliksiru (centrum energii)	weng-zhong
pole ryżowe	fano-mou
pole, dzikie pole	man-pu
policjant	la-ba
policzek	bin-tan
polityka	nuo-lun
polowanie	zong-xing
pomagać	sa
pomarańcza	guoo-en
pomarańcza/mandarynka	guoo-en
pomarańczowy	tian-dai
pomelo	mao-diu
pomidor	caio-den
pomniejszać	chuo-dun
pomocniczy	zi-lang
pomyśleć o	ruo-ni
pomyśleć o, wpaść na pomysł	ruo-ni
ponieważ	gun
ponownie	keng-zhuan
popełnić przestępstwo	ne-bian
popołudnie	shuai-fang
poprawiać	chen-tou
poprawność	kua-suo
poprzedni	yu-wa-hun
poprzednim razem	sao-kua
poranek	pan-hui
porażka	pan-qing
porcelana	zhui-o
poria	cai-rao
port	ban-ang
portfel	chui-duo
porucznik	ce-luan
porywczy	bao-shuan
porzucić	bei-guan
porządkować	muo-zheng
porządkować, organizować	muo-zheng
porządnie	suo-zhua
porównywać	dui-chu
posiadać	biao-tou
post od zbóż	hun-ha
post-niebiański	re-rou
postawić	zhun-pao
postrzegać	cang-chu
postępować	ning-pian
postępować, rozwijać	ning-pian
posypywać	you-hu
posyłać	ting-gen
posyłać, dostarczać	ting-gen
poszukiwanie	zhun-nun
potem	tou
potomek	mou-lai
potrzebować	ha
potrząsać	piao-ju
potrząsać głową	cui-gong
potrząsać głową (zaprzeczenie)	cui-gong
potrząsać, kiwać	piao-ju
potrójny ogrzewacz	kua-gun
potrójny ogrzewacz (organ)	kua-gun
potwierdzenie (marker)	ban
potwierdzić	duo-kuan
potwór	hao-quan
potężny	zong-ba
poważnie	tiao-ne
poważnie, starannie	tiao-ne
powiedzieć	bo
powiedzieć	ci-cang
powieść	lao-shun
powinien	dou-xia
powiększać	han-lie
powodzenia	liu-hu
powoli	jiang-juan
powolny	qun-ceng
powrócić	shuai-nu
powstać	zhen-si
powstrzymywać	dian-jia
powszechny	ci-shi
powtarzać	sha-ying
powódź	shuo-shuang
powóz konny	xu-chou
pozdrawiać	pai-yu
pozdrawiać głośno	ying-sa-su
poziom	bian-na
poziom, sfera	bian-na
pozioma kreska	hong-la
poznać	wu-hun
poznać, rozpoznać	wu-hun
pozwalać	lie-ling
pozycja konia	chuai-lin
pozycja słupowa	long-lao
pozycja łuku	zhuo-xia
połowa	kai-luo
położyć	zhun-pao
położyć, postawić	zhun-pao
południe	fang-nan
południowy wschód	fang-nan-dong
południowy zachód	fang-nan-xi
połykać	peng-tan
pośladki	xiaoo-ri
pożar	mo-ta
pożyczyć	cou-bai
pożyczyć (komuś)	cou-bai
praca domowa	cang-jiu
praca domowa, zadanie	cang-jiu
praca oczu	hua-ping
pracować	ne
pracowity	ben-she
pragnąć	wan-lang
pragnąć, życzyć sobie	wan-lang
praktykować	rang-gun
pralka	shuai-min-shui
prawa	lan-deng
prawda	nin-tian
prawdopodobnie	tian-cun
prawdziwy	lao
prawidłowość	kui-gong
prawidłowość, wzorzec	kui-gong
prawnik	fa-ren
prawnik	she-mao
prawo	zong-zong
prawo pięści	tang-za
prawość	han-tou
prawość, sprawiedliwość	han-tou
pre-niebiański	tang-jiao
precyzyjny	liao-ri
prefekt	sui-tao
premier	gui-lai
premier, kanclerz	gui-lai
pretensja	ting-jia
prezydent	zhi-nun
problem	dong-zuo
proces	dang-ban
proces	zen-fu
produkować	nano-ci
produkty	wa-chan
produkty mleczne	xue-xian
prostokątny	eng-nian-po
prosty	zan-yao
proszę	nin
proszę pozwolić zapytać	gong-tan
proszę usiąść	xuan-nei
proszę wejść	hua-kuo
protektor	ding-sang
prowadzenie i rozciąganie	ren-liang
prowadzić	ang-yong
proza	zhun-shuo
prymitywny	nano-xu
prymitywny, zgrubny	nano-xu
przebaczać	ji-te
przebijać oblężenie	nao-nu
przebudzenie owadów	ka-lie
przechodzić przez	kuan-nong
przechowywać	gai-zhuo
przechowywać	zhui-sao
przeciwnik	guan-nian
przeciwstawiać	lang-tuan
przeciwstawiać się	ku-xie
przeciętny	shuan-ei
przed chwilą	niu-ya
przed południem	he-sang
przedmiot	qing-nu
przedmioty z jadeitu	ta-yao
przedstawiać	fou-duan
przedstawiać (kogoś)	fou-duan
przedwczoraj	zhuan-yuan
przedłużać	gu-chuan
przedłużać	tian-jie
przekazać	gou-ai
przekazać, podać	gou-ai
przekazywać	jie-wu
przekonanie	te-teng
przekształcać	jin-wei
przekąska	fano-chui
przekąska, przysmak	fano-chui
przemawiać	e-liao
przemawiać, wygłaszać	e-liao
przemyśleć	ya-chu
przenosić	nang-wang
przepis	pie-tun
przepowiednia	mi-cun
przepraszam	can
przepraszać	pan-nei
przerywać	shan-yun
przesilenie letnie	niang-sha
przesilenie zimowe	qie-pu
przeskoczyć	qia-hai
przestraszony	en-pang
przestrzeń	bie-you
przeszkadzać	yin-beng
przeszłość	hua-nao
przewrócić	dong-mie
przeznaczenie	leng-dou
przeznaczenie	piao-pai
przeznaczenie, los	leng-dou
przezroczysty	cha-cong
przełamać	dou-kun
przełożony	chi-guang
prześcieradło	chuai-teng
przodek	chao-le
przybity	zao-jia
przybysz	wai-que
przybyć	tiao-chou
przybyć, dotrzeć	tiao-chou
przyciągnąć	suan-shuo
przyczyna	pen-jing
przydzielać	ge-sun
przygotować z wyprzedzeniem	jio-shou
przygotowywać	jio-diu
przyjaciel	sano
przyjaźń	xian-cai
przyjemność	ei-pa
przyjmować	gao-feng
przyjmować	nong-ci
przyjmować (gości)	gao-feng
przyjmować uczniów	nong-ci
przyjąć	ceng-en
przyjąć	lie-xu
przyjąć, wpuścić	lie-xu
przyjęcie	chua-fa
przyjęcie (z alkoholem)	chua-fa
przyjść	ci
przyklejać	guai-pao
przyklejać (plaster)	guai-pao
przykucnąć	xian-tang
przynieść	ye
przypominać sobie	jiu-kuang
przypływ i odpływ	ca-zhun
przyrząd	ei-cuo
przysięga	ba-za
przysięgła siostra	ao-duo
przysięgły brat	bai-zou
przysmak	fano-chui
przystojny	ne-lai
przystojny, atrakcyjny	ne-lai
przyszłość	zhao-ding
przytomny	luan-shen
przytulać	da-shuo
przywracać	niang-xin
przywódca	rang-duo
przywódca szkoły	xia-rang
przywódca szkoły/sekty	xia-rang
przyznawać	dang-zhong
przyznawać, uznawać	dang-zhong
przyłączyć się	dai-an
przyśpieszać	shen-qing
próby	kuo-nie-gui
próby, trudne testy	kuo-nie-gui
próg	pang-weng
pręcik	mang-dai
prędkość	yang-tong
prędkość wiatru	fengo-kuo
psotny	bang-bai
pszczoła	mio-zou
pszenica	miano-piao
ptak	niao
ptak latający	niao-xue
puchar ceremonialny	jiong-qin
punkt	chuai-shang
punkt akupunkturowy	yang-nue
punkt końcowy	yong-que
punkt startowy	miu-shan
punkt wrzenia	man-mu
punkt zamarzania	meng-yu
punkty akupunkturowe	pan-tuo
purpurowy	hua-ou
pustka	ei-hun
pustkowie	yao-quan
pusty	hua
pustynia	gu-ruo
pułapka	nin-pin
pyszny	gang-piao
pytanie i odpowiedź	niao-nong
pytać	buo
pyton	cu-zhuang
pył	chua-rao
pyłek kwiatowy	xie-ga
półka	meng-zhui
półka, regał	meng-zhui
północ	fang-bei
północny wschód	fang-bei-dong
północny zachód	fang-bei-xi
półwysep	haio-lai
późno	gua-wei
późny wieczór	gei-fu
pędzel do pisania	jun-rang
pędzel i tusz	pa-nong
pędzić	chua-chu
pędzić, gnać	chua-chu
płakać	beio-miu
płakać, łkać	beio-miu
płaski	cheng-gang
płaszcz skórzany	cou-liao
płatek	tu-pi
płonąć	lou-piao
płynąć statkiem	die-bian
płytki	sheng-zu
pływać	bin
pływać dia-ya wietrze i falach	xiu-ken-guan
qilin	ka-can
radość	huano-wang
radość, szczęście	huano-wang
rafinowanie ducha	ca-cou
rafinowanie esencji	bo-zhe
rafinowanie miu-du	shui-wu
rafinowanie pustki	jian-yue
ramię	dang-ruo
ramię (bark)	dang-ruo
rano	jing
raportować	fang-tou
raportować, zgłaszać	fang-tou
ratan	re-kong
razem	gao-ha
rdest chiński	le-hai-qian
recytować	cao-guan
regał	meng-zhui
regał na książki	shi-lao
regulacja	chang-zhuo
reguła	pie-tun
reguła, przepis	pie-tun
reinkarnacja	na-rong
reishi	la-xian
reishi (grzyb nieśmiertelności)	la-xian
rejestrować	bian-deng
rekin	sharo-zha
relacja	zan-ren
relacja, związek	zan-ren
relaksować się	qing-xiong
religia	gu-gui
ren-zhai	rong-man
ren-zhai (czas)	rong-man
restauracja	dia-zhua
restaurować	chu-yin
rezerwat	hua-wei-hei
rezerwować	jio-shou
rezerwować, przygotować z wyprzedzeniem	jio-shou
rezultat	cun-kuang
rezultat, skutek	cun-kuang
robić	bao
robić zakupy	hang-cheng
robotnik	kuo-biao
rodzice	gu-shuo
rodzina	ruo
rodzina od żony	miao-xuan
rodzinna wioska	jiong-seng
rodzinna wioska/miasto	jiong-seng
rok	kang
rolnik	nie-juan
ronić łzy	beio-zhua
ropucha	wao-fen
rower	ken-ting-diao
rozbierać	cuan-yong
rozbierać się	san-zei
rozbierać, burzyć	cuan-yong
rozbijać	dia-ya
rozbity	xing-lie
rozciągać	tian-jie
rozciągać, przedłużać	tian-jie
rozczarowanie	pa-xuan
rozdzielać	guo-liang
rozgwiazda	guango-qia
rozkaz wojskowy	qi-xi
rozkaz wojskowy (tabliczka)	qi-xi
rozkazywać	nue-zui
rozkojarzony	shuai-meng
rozliczyć rachunek	suan-chi
rozluźniony	geng-nang
rozmiar	ce-dian
rozmieszczenie	ji-ci
rozmieszczenie (wojsk)	ji-ci
rozpacz	beio-dei
rozpakowywać	sui-jun
rozpatrywać	ye-fen
rozpocząć podróż	chu-xun
rozpoznać	jin-qi
rozpoznać	wu-hun
roztrzaskać	zhe-gua
rozumieć	tao-kang
rozumieć, znać	tao-kang
rozważać	ya-chu
rozważać, przemyśleć	ya-chu
rozwijać	ning-pian
rozwijać się	piao-na
rozwiązanie	ha-gong
rozwiązać	hou-rui
roślina	caoo-chui
roślina ryżowa	caoo-sun
rubin	pian-she-nei
ruch	weng-liu
rumak	ge-shui
ryba	dongo
ryba mandarynka	dongo-kui
rybak	haio-seng
rynek	bao-shao
rytuał	miao-ju
rytuał, etykieta	miao-ju
ryż	fano
ryżowar	fano-dai
rzadki	eng-hei
rzadki	qing-dian
rzecz	mian-ao
rzeczy)	pai-nu
rzeczywistość	teng-fa
rzeczywisty	shuai-ga
rzeczywisty, faktyczny	shuai-ga
rzeka	heo
rzemieślnik	gong-ren
rzemieślnik	ou-xiong
rzemiosło	zu-huai
rzepa	nai-yan
rzepa, rzodkiew	nai-yan
rzeźba	ming-qi
rzeźbiarz	diao-ren
rzeźbiarz	nen-zong-zheng
rzodkiew	nai-yan
rzodkiew biała	niu-she-xiao
rzucać	na-shao
rzucić	cheo
rzutka	ou-ning
rzuty	pian-er
rząd	dai-ran
rzęsy	lie-nong
róg wojenny	zhuan-kua
rówieśnik	zuoo-tiano
równina	pingo-qiang
równonoc jesienna	keng-pai
równonoc wiosenna	chao-qia
równowaga	hong-zen
róża chińska	gang-gong
różnica	dui-ting
różnorodność	chi-fa-duo
różny	lang-du
różny, inny	lang-du
różowy	mi-kei
ręcznik	gan-rao
ręka	cang
rękawiczki	tang-lu
sadzonka	liu-zhong
sala Buddy	ma-chao
sala Dharmy	tao-ke
sala koncertowa	da-tuo-rao
sala przodków	ce-cao
sala sutr	ling-tuo
salon	chou-hui
samantabhadra	he-ceng
samantabhadra (bodhisattwa)	he-ceng
samolot	ge-ga
samotność	sui-chun
sanktuarium	kei-qu
satysfakcja	huano-kui
scalać	se-si
scalać, łączyć	se-si
scenariusz	nie-shou
schludny	pin-jiang
schody	meng-nuan
schodzić w dół	cu-shao
sekretarz	bin-zhuai
sekty	xia-rang
selekcja	pian-feng
sen	dian-kan
sen (aspiracja)	dian-kan
senior	mi-shui
senior (hierarchia)	mi-shui
senny	ka-nin
sens	kun-hong
serce	chuo
serce-umysł	pin-ba
setnik	zhuai-ling
sezam	mi-pi
sfera	bian-na
shiitake	ei-yun
sidła	nin-pin
sidła, pułapka	nin-pin
siedemdziesiąt	diu-liu
siedemset	deng-meng
siedzieć	ku
siedząca medytacja	pa-xie
siekać	qiao-xie
siekać na miazgę	qiao-di
siekiera	jiang-qia
sierp	que-ye
siew ziarna	miano-zhua
sieć rybacka	haio-chen
silny	run-zhao
silny wiatr	fengo-tun
siodło	ei-kei
siostra	run
siostra cioteczna	bai-xiong
siostra cioteczna (starsza)	bai-xiong
siostra stryjeczna	kuang-kai
siostra stryjeczna (młodsza)	kuang-kai
siódmy	yue-cu
siła	bian-pei
siła sprężynująca	zhui-liu
siła umysłowa	gan-jin
siłownia	shuai-shuo-niu
skakać	lio
skarpetki	jie-zhui
skała	yano-tian
sklep	ting-tui
sklep spożywczy	cong-kuo-hua
sklep z butami	mao-kua
sklep z czapkami	ren-da-chun
sklep z torbami	rang-gen
sklep z ubraniami	man-mian-xiang
skomplikowany	quan-nuan
skoncentrowany	tong-ken
skorupiak	beo-za
skosztować	chang-yong
skończyć	ti
skracać	ang-ying
skrobać	fen-shuo
skrobać (terapia)	fen-shuo
skromność	tu-fen
skrucha	beio-mou
skrzypce chińskie	ping-mie
skręcenie	mo-rua
skupiony	bu-ba
skutek	cun-kuang
skwar	shai-qi
skóra	dang
skórka mandarynki	guoo-gao
skórka owocu	duano-ri
skąd	hen-rǎo
składać	dun-mang
składać (papier	dun-mang
składać (papier, tkaninę)	dun-mang
smaczny	jiu-long
smaczny (umami)	jiu-long
smak	feng-su
smalec	gao-qie
smarować	qie-wa
smarować (farbą)	qie-wa
smażony	da-wang
smażony (stir-fry)	da-wang
smażony makaron	miano-zou
smażyć do sucha	shio-cheng
smażyć na dużym ogniu	da-dui
smażyć warzywa	da-zhuan
smocza Pięść	niao-bao
smoczy żółw	guio-chan
smok	lian
smutek	beio-zhang
smutek, zmartwienie	beio-zhang
smutny	beio-nian
soja	caio-huang
sokół	yingo-tou
sokół treser	cong-wang
sos sojowy	yoo-xiao
sosna	songo-jiu
sowa	yaoo-mao
spadająca gwiazda	guango-sun
sparring z partnerem	qiang-tui
spać	ka
spaść	ga-juan
specjalny	nuo-ken
specjalny, szczególny	nuo-ken
spichlerz	heng-nen
spierać się	hou-hen
spisek	cun-ze
spisek, intryga	cun-ze
spięty	nun-zhuo
spodnie	ha-shui
spokojny	ango
spokój	ango-zhan
sport	wan-gang
sposób	chai-mie
sposób myślenia	zong-kuang
sposób, metoda	chai-mie
spotkać się	chuo-long
społeczeństwo	jiu-zheng
spragniony	pin
sprawa	mian-ao
sprawa, rzecz	mian-ao
sprawiedliwość	han-tou
sprawiedliwość	tuo-cheng
sprawiedliwy	ke-zui
sprzeciwiać się	shen-shuan
sprzeczność	lei-bo
sprzedawać	baio
sprzedawca	duan-he-hua
sprzedać	miao-xin
sprzątać	can-xiong
sprzęt	mao-kuo
spódnica	kan-xuan
spór	dang-hang
spłacić dług	re-jie
srebrnik	kuai-zun
srebrny	liu-ye
srebro	shun-den
srebro (jako waluta)	shun-den
srebroszary	fu-qia
sroka	queo-zha
stabilność	qu-ci
stabilny	sheng-liao
stabilny, niewzruszony	sheng-liao
stacja	fang-zui-lun
stagnacja Miu-Du	sun-wan
stan	zhui-lou
stan, warunki	zhui-lou
starannie	tiao-ne
starożytna	hun-bang
starożytne Królestwo	zan-wa
starożytność	cui-tuan
starsza siostra	quan-xun
starszy współuczeń	ma-xie
starszy współuczeń (mężczyzna)	ma-xie
stary	dun
statek	ha-jing
statek handlowy	shua-min
statek, łódź	ha-jing
staw	man-zui
stawać się	yu-fa
stawać się, zostawać	yu-fa
staza krwi	bi-dan
stać	la
stały	hui-leng
stały, niezmien ny	hui-leng
step	zhuo-reng
sto	ang-neng
sto tysięcy	man-chai
stolarz	xin-hou
stolarz, cieśla	xin-hou
stopa	chan
stopiony	cai-a
stopnie	po-min
stosować	fou-ti
stosować (zewnętrznie)	fou-ti
stołek	zuo-deng
stożkowaty	zhou-kang-yin
strach	ru-she
strach (rzeczownik)	ru-she
stracić	ruo-zheng
straszny	ru-tuo
strata	er-ba
strategia	chuang-peng
strażnik	ding-sang
strażnik, protektor	ding-sang
strzała	biaoo
strzelać z łuku	qiong-mao
strzemiona	tai-fa
strój kung	ne-nang-ha
strączki fasolowe	kan-zhuo
student	xiaoo-zhuang
styl	weng-nie-jin
styl Kung Cuan-Se	qian-zi-run
styl podobny do Muay	mei-kuan-xu
styl podobny do Shotokan	ju-guan-dian
stół	sha-dia
stół jadalny	shou-bin
stęchły	nuan-duan
stłumiony	miao-mai
subtelny	zha-mang
sucha energia	qio-sou
suchy	shio-ge
sufit	sui-jiang-ju
sugestia	ban
sugestia/potwierdzenie	ban
sugestia/potwierdzenie (marker)	ban
sui-Tun	keng-cui
sui-Tun dole	luo-du
sui-Tun pewno	reng-bin
sukces	nai-pian
suknia wieczorowa	shuo-zhuo
suknia ślubna	bie-pang
suma	nang-hui
supermarket	shang-diao
surna	ei-pang
surowy	sheng
susza	hano-tian
suszyć na słońcu	yun-xiong
sweter	tuan-shua
swędzieć	xian-gai
symetryczny	sa-ling
symptom	guan-mie
syn	eng-chuai
syn Niebios	mei-ta
syn Niebios (tytuł władcy)	mei-ta
syndrom gorąca	qio-mian
syndrom nadmiaru	che-ao
syndrom niedoboru	ni-lian
syndrom zimna	qio-tong
sypialnia	duo-wan
syriusz	guango-ao
syriusz (gwiazda)	guango-ao
system korzeniowy	que-bian
sytuacja	nie-zhuai
sytuacja, okoliczności	nie-zhuai
szabla	fen-mai
szabla, miecz	fen-mai
szacunek	rongo-cao
szafa	eng-shu
szafir	sang-te-geng
szal	si-mo
szale	ga-cong
szalik	sun-cu
szanować	cao-huan
szanowny	dun-fou
szanowny pan	muo-song
szanowny panie	ka-xin
szanowny panie (urzędnik)	ka-xin
szansa	wang-shen
szansa, okazja	wang-shen
szanujące)	cheng-chen
szarańcza	mai-bai
szary	fu-qiong
szarża	chu-fang
szczególny	nuo-ken
szczególny	wu-nu
szczegółowy	zhun-sang
szczur	rao-fu
szczur	rao-mo
szczypce	tang-bai
szczypior	pian-cuan
szczyt góry	si-hou
szczęście	huano
szczęście	huano-wang
szczęśliwy	huano-tai
szczęśliwy, wesoły	huano-tai
szef	wu-jia
szelest	zhen-ba
szeptać	gong-qiao
szeregować	qu-pao
szeroki	bei-hui
szerokość	zen-zen
sześciokątny	shi-xian-zha
sześć	ne-bi
sześćdziesiąt	lu-xi
sześćset	shu-lan
szkoła	de-zhai
szkoła konfucjańska	shen-cong
szkoła taoistyczna	gang-pu
szlachetna konkubina	tie-tao
szlachetny	gui
szlachetny mąż	chou-zhen
szlachetny, arystokratyczny	gui
szmaragd	o-ming-nie
szmaragdowy	bo-lie
sznur	ting-cen
sznur, lina	ting-cen
szorować	cong-lou
szorstki	rui-zhuo
szpik kostny	kuang-liang
szpilka	chen-bei
szpilka do włosów	jiong-kuan
szpinak	caio-kao
szpital	ke-zha
szron	ling-zong
sztabka srebra	gan-bing
sztandar	miu-du
sztandar, chorągiew	miu-du
sztorm	chai-duan
sztuka	guai-chan
sztuka ręki	jun-qi
sztuka ręki (japoński termin	jun-qi
sztuka ręki (japoński termin, ale używany)	jun-qi
sztuka walki	tun-dia
sztuka walki kijem	kun-wa
sztuka walki mieczem	xin-heng
sztuka walki szablą	ken-liao
sztuka walki włócznią	qing-ning
sztuki	ma-zuan
sztuki piękne	zan-de
szukać drogi	nue-ze
szukać drogi, dążyć do celu	nue-ze
szybki	gai
szybko smażyć	da-ri
szyja	eng-jin
szyk bojowy	lu-bing
szósty	zai-ji
sądzić	nong-wai
sądzić	zen-fu
sądzić, proces	zen-fu
sąsiad	biao-huai
sędzia	nen-jun
słaby	han
sławny	dong-zei
słodki	jun
słodki	niang-zou
słodki sos fasolowy	yoo-xin
słodko-kwaśne	kao-bo
słony	kao
słowo	jian-ye
słoń	xio
słońce	guango
słuch	zhui-ai
słuchacz	chuo-zui
słuchanie siły	mian-lou
słuchać	fu
słyszeć	fo
taca do herbaty	shuang-mao
taczka	xu-gan-dei
tajemniczy	gai-zhai
tajfun	fengo-chou
tak	en
taki sam	an-nao
taktyka	mao-xie
talent	xin-li
talerz	long-chuai
tamci	hu-dou
tani	liao-re
taniec	lao-bi
taoista	ti-cou
taoistyczny kapłan	xin-duo
taoizm	qie-bu
tarcza	ci-ne
targ warzywny	pi-shan-zha
targować się	qiang-pu
tathagata	hai-fei
tańczyć	lao-za
tchórzliwy	zui-keng
tchórzostwo	xu-bo
teatr	qu-zhan
technika	bang-zang
technika ciała	weng-liu
technika ciała, ruch	weng-liu
technika miecza	jie-lian
technika nóg	tao-heng
technika pięści	yan-zuan
technika szabli	wei-heng
technika włóczni	fen-fang
techniki ręczne	hui-guai
tekstura	he-fou
telewizja	hang-gun
temperatura	weno-keng
ten	chai-cen
teoria	pian-chua
teoria Pięciu Elementów	cheng-ni-pai
terapia	yang-zhai
terapia manipulacyjna	hao-chuan
terapia medyczna	cao-liang
teraz	nun
teraźniejszość	sang-mu
terminy solarne	tun-zhang
terminy solarne (24)	tun-zhang
też	yueo
też dobrze	zhang-nie
tkacz	sa-liu
tkaninę)	dun-mang
tkać tkaninę	jun-sang
tofu	caio-zha
tolerancyjny	la-seng
tolerancyjny, wyrozumiały	la-seng
topaz	tai-dou
topnienie	niao-pan
torba	cao-gou
torba, worek	cao-gou
torebka zapachowa	cun-li
tornado	fengo-de
towary	shai-ju
towarzysko obcować	quan-zhuang
towarzysz	mie-mi
tradycja	ba-wang
tradycyjna medycyna chińska	xun-cui
trafić	huo-da
tragedia	ri-zan
transakcja	cha-jiong
transakcja	jian-lang
trasa	jue-hong
tratwa	ke-yun
trawa	xino
trawnik	ang-nuo
trenować	gong-zuan
trenować	niang-chi
trochę	xun
troskliwy	kao-dao
troskliwy, dbający	kao-dao
trudne testy	kuo-nie-gui
trudno	laio-shun
trudno (adverbialnie)	laio-shun
trudno (przysłówek)	laio-shun
trudno powiedzieć	jian-yan-pei
trudny	laio
trujący grzyb	nei-sui
truskawka	guoo-le
trwać	zhuang-en
trzask	tuo-lao-suan
trzask, łoskot	tuo-lao-suan
trzeci	se-duan
trzy	cen-cao
trzy skarby	ying-liu
trzy zasady	huai-yu
trzydzieści	chen-yue
trzymaj się! Dalej!	nuan-shan
trzymać	chu
trzęsienie ziemi	zheno-nuan
trójkątny	gua-lan-wai
trąba powietrzna	ceng-ha
tsunami	haio-qu
tu	kuan-kua
tusz	gu-chua
tusz	zhio-chu-o
tusz w sztabce	sha-wei
tutaj	kuan-kua
twarda siła	ti-chuo
twarde drewno	ka-zheng
twardy	jino
twierdza	hen-sen
tworzyć	ze
ty	nio
tydzień	qie-ban
tyka	miu-nin
tyka, drążek	miu-nin
tykwa	keng-reng
tylko	sun
tym razem	tan-guai
tymczasowy	luo-gai
tysiąc	tang-nin
tysięcznik	fang-jin
tęcza	hongo-ang
tęsknić za	lei-zhen
tłumacz	nei-he-ren
tłuste mięso	rouo-zeng
ubierać się	jie-fo
ubolewać	nai-zi
ubranie	hang
ucho	chou
uciec	nou-en
uczciwość	bing-jie
uczestniczyć	qu-xiao
uczeń	ma-cha
uczeń osobisty	ma-rong
uczeń, adept	ma-cha
uczony	kai-du
uczony człowiek	se-li
uczony, literat	kai-du
uczony-kandydat	ka-ting
uczucie	huo-pie
uczucie (dotyk)	huo-pie
uczucie rodzinne	jun-tuo
uczyć	ma
uczyć się	ma-lu
uderzać pięścią	zuo-zen
uderzenie w punkt akupunkturowy	zai-lian
uderzenie z fintą	zeng-niu-miu
uderzenie z fintą (wschód-zachód)	zeng-niu-miu
uderzyć	ou
udo	mei-gen
ugniatać	sui-qu
ugotowany	mou-tao
ujście rzeki	pan-fa
ukarać	jue-pa
ukojenie	yin-gai
ukończyć	lei-zhuai
ukośna w lewo	nin-ding
ukryta broń	niang-ning
ukryty smok	tigo-ge
ukryty smok, czający się tygrys	tigo-ge
ukryty smok, czający się tygrys (idiom)	tigo-ge
ukryć	cun
ulewny deszcz	yuo-pang
ulica	ke-chi
ulka	nun-jiao
ulka, dzban	nun-jiao
umiarkowanie	mei-chi
umiejętność	gang-bin
umiejętność, wysiłek, kung cuan-se	gang-bin
umiłowanie	deng-ya
umowa	yong-huo
umrzeć	pu
umysł duchowy	bin-gua
umysłu	cu-ti
umysłu	xiang-zhang
uniform	jin-zhao
unikalny	yao-na
unikać	zhua-lai
uniwersytet	xiong-ning
upaść	shu-chai
upić się	ju-lou
uporządkowany	pin-jiang
uporządkowany, schludny	pin-jiang
uprawiać hazard	biao-yun
uprawy	long-qiao-zan
uprzejmy	xiu-cen
upuścić	caoo
uraza	ting-jia
uraza, pretensja	ting-jia
uroczo piękny	qiang-kou
uroczy	niang-zou
uroczy, słodki	niang-zou
urodziny	ren-nong
urwisko	yao-xiang
urzędnik	ga-mie
urzędnik departamentu	miao-rou-kua
uspokojony	qian-shen
usta	chui
uszko Judasza	zuo-chao
uszkodzony	men-da
uszkodzony	mou-kui
uszkodzony, zepsuty	mou-kui
usłyszeć	qi-kai
utrzymywać	can-xiang
utrzymywać, konserwować	can-xiang
utwór	juan-tuo
uważać że	nong-wai
uważać że, sądzić	nong-wai
uznanie	dai-pai
uznawać	dang-zhong
uzyskać	yin-wen
uśmiechać się	tao-bin
użyj miękkości	ci-die
użyj miękkości, aby pokonać twardość	ci-die
w dół	yang-sa
w końcu	qian-zang
w ogóle	shi-ben
w pobliżu	wu-hong
w porządku	zhang-nie
w porządku, też dobrze	zhang-nie
wachlarz	du-luo
waga	bai-nang
wakacje	qiu-chai
walczyć	nu
walić młotem	lang-ka
walka	luo-di
wapień	nano-hong
warstwa	cuo-pang
wartościować	nou-ju
wartość	chao-guan
warunki	zhui-lou
warzywo	caio
warzyć	shun-bu
wasza Wysokość	jie-chuo
ważka	dan-nan
ważność	nie-nai-mai
ważny	liuo
wcześnie	lian-shuan
wcześniejszy	sang-xiao
wczoraj	gong-de
wdzięczność	mi-ben
wdzięczność (głęboka)	mi-ben
według	zhuang-wei
według, na podstawie	zhuang-wei
wega	guango-die
wega (tkaczka	guango-die
wega (tkaczka, gwiazda)	guango-die
wejść	xu
weranda	chuan-jiu
wesoły	huano-tai
wewnątrz	eng-den
wewnętrzna	yan-mie
wewnętrzna alchemia	hui-jie
wewnętrzna moc	xiaoo-ce
wewnętrzna siła	chuo-chuo
wewnętrzny uczeń	ma-nan
wewnętrzny-zewnętrzny	bian-pian
wełna	tui-tiao
wiadomości	ceng-feng
wiadomość	shuang-zhan
wiadomość, informacja	shuang-zhan
wiadro	xiaoo-lou
wiara	te-teng
wiara, przekonanie	te-teng
wiatr	fengo
wicegenerał	kao-en
wicehrabia	ruo-zei
wiceminister	ta-song
wicher	shai-you
wiciokrzew japoński	jia-dou-che
widelec	chui-nong
widzieć	ero
wieczór	juan
wiedzieć	ga
wiedzieć jak	huan-pin
wielbłąd	shi-hai
wielka	sun-hui-bu
wielki Mistrz	kuai-ben
wielki Turniej Dziedzictwa Fengzhana	shan-zui-rong
wielki Wóz	sou-zai
wielki Wóz (konstelacja)	sou-zai
wielki chłód	zong-fen
wielki człowiek	rong-wang
wielki człowiek (tytuł)	rong-wang
wielki generał	kong-dia-rua
wielki nauczyciel	ma-chuo
wielki nauczyciel (tytuł)	ma-chuo
wielki opiekun	ou-jiao
wielki opiekun (tytuł)	ou-jiao
wielki upał	reng-zui
wielokrotnie powtarzać	ding-ke
wielokątny	cuan-zhui
wieloryb	haio-kai
wieprzowina	rouo-cai
wierność	mo-chou
wierność, lojalność	mo-chou
wiersz	tao-fou
wiertło	cong-piao
wierzba	zhun-nin
wierzchnie ubranie	shuang-reng
wierzyć	yi-peng
wieszać	hun-long
wieszać, zawieszać	hun-long
wieś	chan-di
wilgotna energia	qio-zui
wilgotny	shio-wai
wilgotny, mokry	shio-wai
wilk	laio-lie
willa	bie-peng
winny	xiong-ruan
wino	geng
wino	geng-peng
winogrona	geng-lian
wioska	tui
wiosna	gei-bao
wisiorek z jadeitu	duo-gu
więc	suo
więcej	shun-qin
więzienie	rong-qie
wiśnia	guoo-long
wkrótce	chuang-hun
wkrótce, za chwilę	chuang-hun
wnuczka	mang-han
wnuk	biao-deng
wnuk (od córki)	biao-deng
woda	zhe
wodospad	puo-liao
wojna	nano-zun
wojownik	chai-hun
wojsko	qi-xiao
wojsko (dosł. żołnierze i konie)	qi-xiao
wojskowy	nai-cen
wok	ei-ni
wolna walka	xia-zou
wolność	nano-miao
wolny	geio
worek	cao-gou
wołać	bian-hen
wołowina	rouo-piao
wpaść na pomysł	ruo-ni
wpuścić	lie-xu
wpływ	zao-ding
wracać	cu
wrona	ju-kuo
wrzeszczeć	nong-bie
wrzątek	zhe-heng
wrzątek, gotowana woda	zhe-heng
wróbel	queo-ju
wrócić	kuai-ku
wrócić (tam)	kuai-ku
wróg	sao
wróżbiarstwo	tian-hen
wróżenie z losu	jin-wen
wschód	fang-dong
wschód słońca	keng-la
wspierać	niang-ran
wspinać się	chong-tiao
wspominać	ge-xiu
wspomnienie	hui-ce
współczesność	yi-nen
współczujący	hou-ke
współczujący, litościwy	hou-ke
współpracować	pei-shao
współuczeń	ma-sen
współuczeń (ogólnie)	ma-sen
wstawać	hang-nuo
wstać	xu-nong
wstać (na nogi)	xu-nong
wstrzymywać	mei-biao
wstrząsać	piao-qin
wstrząsnąć	sui-rong
wstrętny	dun-sa
wstrętny	nang-chuan
wstyd	ou-guai
wstęp	chan-geng
wstęp, początkujący	chan-geng
wszechświat	re-biao
wszyscy	cai-zheng
wszystko	wano
wujek	cai-ken
wujek (brat matki)	cai-ken
wujek-mistrz	kuan-kuan
wujek-mistrz (młodszy brat mistrza)	kuan-kuan
wulkan	huoo-ying
wy	lei
wybierać	dan
wybrzeże	haio-qin
wybór	pian-feng
wybór, selekcja	pian-feng
wychodzić	nang-zhai
wychodzić (z kimś)	nang-zhai
wycierać	you-bing
wyciągać sieć	zui-si
wycofać się	ce-er
wyczerpany	kuan-gun
wyczyny bojowe	zhuai-den
wydaje się	ying-shun
wydać wyrok	yao-heng
wydra	liang-lie
wyglądać na	ying-shun
wyglądać na / wydaje się	ying-shun
wyglądać na, wydaje się	ying-shun
wygnanie	qin-dei
wygodny	ceng-zun
wygodny	se-qi
wygodny, dogodny	ceng-zun
wygłaszać	e-liao
wyjaśniać	suan-zeng
wyjechać	sun-jin
wyjść	ya
wymieniać	cheng-suan
wymiotować	min-ling
wynalazek	ei-ruo
wyniosły	ceng-qia
wyobrażać sobie	tang-dian
wyprostowany	ying-gang
wypuszczenie siły	kang-biao
wypytywać	nun-mie
wypytywać (o objawy)	nun-mie
wypłynąć	ye-dong
wyrabiać ceramikę	geng-fan
wyrafinowany	lu-bao
wyraźny	cha-suo
wyraźny, określony	cha-suo
wyrażać	mie-tang
wyrażać (uczucia	mie-tang
wyrażać (uczucia, myśli)	mie-tang
wyrozumiały	la-seng
wyrzucać	cha-huang
wyrzucić	ge-tan
wysiłek	gang-bin
wysoki	gen
wysokość	gen-du
wyspa	haio-mei
wyspa morska	haio-dang
wysyłać	gong-ce
wysyłać list	ji-diao
wysłannik	yu-ga
wytrwałość	zhuang-en
wytrwałość, trwać	zhuang-en
wytrzeć do sucha	shio-sun
wywodzić się	rǎo-ci
wyzwanie	che-ze
wyśmienity	o-yang
wzdychać	liao-qiao
wziąć	du
wziąć	lan-ba
wzmacniać	zuan-zhuang
wznawiać	niang-xin
wznawiać, przywracać	niang-xin
wznieść się	zhun-sun
wznieść się wysoko	sio
wznieść toast	dao-eng
wznosić	cheng-lu
wznosić (budowlę)	cheng-lu
wzorzec	kui-gong
wzrastać	cen-zhuan
wzrok	zui-ka
wzruszenie	chu-cao
wzywać	nong-bin
wzór	nue-nou
wzór, dekoracja	nue-nou
wóz	quan-wa
wóz wołowy	xiang-o
wóz, pojazd	quan-wa
wózek	zan-ning
wół	bing-wo
wąchać aromat	se-seng
wąski	yu-jun
wąskohoryzontalny	bei-den
wąskość	jian-du
wąsy	yao-ru
wąwóz	wu-ding
wąż	sheo-xie
węch	ao-ha
wędka	kuang-ce
wędrować	lian-cong
wędrować, zwiedzać	lian-cong
wędzić	wo-nang
władca	zhun-cui
władca, monarcha	zhun-cui
władza	zong-zong
władza, prawo	zong-zong
właściciel sklepu	zhuai-quan
właśnie	shou-bei
właśnie (w trakcie)	shou-bei
włosy	xian-dong
włosy na głowie	hen-lun
włócznia	sui-kuai
ya-Ju	hua-biao
ying-Gang	shi-dong
yu-hua	yu-hua
yu-hua (język)	yu-hua
z	rǎo
z przodu	ma-ti
z tyłu	dong-chang
z wiatrem	fengo-bi
z, od	rǎo
z, od (źródło)	rǎo
za bardzo	kang-xiao
za chwilę	chuang-hun
za każdym razem	nuo-er
zaatakować	jian-nan
zabawka	ca-mi
zabierać	gou-mao
zabić	pi
zabrudzony	bie-jing
zabrudzony, zanieczyszczony	bie-jing
zachowywać	zhui-sao
zachowywać, przechowywać	zhui-sao
zachód	fang-xi
zachód słońca	yin-dia
zachęcać	bin-ze
zacząć	te
zadanie	cang-jiu
zadowolenie	huano-kui
zadowolenie, satysfakcja	huano-kui
zadowolony	huano-zhang
zagajnik	ding-suo
zagajnik bambusowy	zhuo-gei
zagubienie	dia-hen
zagubienie, konfuzja	dia-hen
zainteresowany	chan-gan-duan
zakazywać	ru-lian
zakonnica	da-fei
zakrzywiony	kua-niao
zamarzanie	kuang-zhun
zamek	ca-gou
zamglony	cao-hun
zamiar	geng-heng
zamiar, cel	geng-heng
zamiatać	luan-xia
zamiatać podłogę	pen-xin
zamieć	shuo-yin
zamknąć	tao
zamknąć na klucz	sao-que
zamęt umysłowy	ying-ke
zanieczyszczenie	dou-ci-wu
zanieczyszczony	bie-jing
zapach	lao-nuo
zapach dymu	pei-die
zapach mięsa	bin-za
zapach ziół	que-ying
zaparcia	dou-bin
zaparzać herbatę	pang-kuan
zapał	za-qing
zapisywać	bian-deng
zapisywać, rejestrować	bian-deng
zapobiegać	muo-jiang
zapomnieć	gong-kuai
zapomnieć całkowicie	zeng-ding
zapraszać	guan-shao
zaprzeczać	fa-wu
zapłacić	cui-de
zaraz	chun-xue
zaraz, natychmiast	chun-xue
zarzucać sieć	ju-zhan
zarządca powiatu	zhui-lai
zarządzać	zhuang-gong
zasada	cha-cun
zasady Niebios	se-lei
zasadzka	ming-wo
zaskoczenie	she-xia
zasoby	beng-rou
zastój krwi	weng-yuan
zastępca przywódcy	den-ao-qun
zastępować	nei-ping
zasłona	lie-luan
zasłona, namiot	lie-luan
zasługa wojenna	hou-fen
zatoka	haio-ri
zatrucie	yin-ne
zatrzymać	zuo-huan
zatwierdzać	nano-juan
zaufanie	bie-keng
zauważyć	song-dong
zauważyć, zwracać uwagę	song-dong
zawiadomienie	gang-chun
zawias	qu-yue
zawieszać	hun-long
zawiniątko	suan-o
zawroty głowy	shou-dao
zawsze	yong
zazdrość	cuan-bin
zazdrość (rzeczownik)	cuan-bin
zazwyczaj	man-bei
zaćmienie słońca	mo-dan
zbierać	chu-pei
zbocze	dian-pang
zboże	sha-teng
zbrodniarz	chua-shan
zbroja	dian-ben
zbroja, pancerz	dian-ben
zbyt	kang-xiao
zbyt, za bardzo	kang-xiao
zdający egzamin cesarski	nin-hang
zdanie	lue-zhen
zdawać sobie sprawę	pan-ren-liang
zdecydowanie	tian-ha
zdenerwowany	dan-biao
zdenerwowany	nun-zhuo
zdenerwowany, spięty	nun-zhuo
zdobyć	zhu-dun
zdobyć, otrzymać	zhu-dun
zdolność	ti-de
zdrada	pu-tong
zdrajczy	reng-wa
zdrowia	nuo-zong-sou
zdrowia (dosł. ciało zdrowe)	nuo-zong-sou
zdrowy	qin
zegarek	chen-chun
zemścić się	mei-wu
zepsuty	mou-kui
zestaw dzwonów	liao-nen
zewnątrz	shan-cuan
zewnętrzna	tuo-bo
zewnętrzna alchemia	chun-ming
zewnętrzna moc	kou-hai
zewnętrzna siła	ming-shan
zewnętrzny uczeń	ma-kuang
zezwalać	can-ling
zgadywanie zagadek	zu-zai
zgadzać się	ge-nuo
zgrubny	nano-xu
zgubić	muo-dia
zgłaszać	fang-tou
zielona herbata	gango-lao
zielona trawa	xino-liu
zielone warzywa	nano-qie
zielony	nano
ziemia	yan
ziemia orna	diio-rui
ziemniak	caio-dun
zima	nen-jing
zimna energia	qio-bao
zimna rosa	wuo-jiao
zimny	weno-fei
zimorodek	en-luan
zioła	zhao-ruo
zioła lecznicze	shuan-zu
zirytowany	dan-biao
zirytowany, zdenerwowany	dan-biao
zięć	jiong-gong
zjednoczone Trony Wschodu	bie-meng
zmartwienie	beio-zhang
zmartwienie	chuo-niang
zmartwienie, niepokój	chuo-niang
zmiana klimatu	qio-dao-na
zmieniać	yue-you
zmieniać się	yao-ying
zmienić	dai
zmienny	chai-xun
zmierzch	ku-ge
zmniejszać	chou-jie
zmywać naczynia	kao-sun
zmęczenie	chua-cheng
zmęczenie	chua-gui
zmęczyłeś się	ou-ya-dun
zmęczyłeś się (współczucie)	ou-ya-dun
znaczenie	kun-hong
znaczenie, sens	kun-hong
znać	tao-kang
zniszczony	fu-mai
zniszczony, zużyty	fu-mai
zniszczyć całkowicie	wai-bo
znowu	zan
znudzenie	chua-gui
znudzenie, zmęczenie	chua-gui
zobaczymy	ruo-fan-lan
zobaczymy (dosł. patrz sytuacja)	ruo-fan-lan
zobaczyć	bie-pian
zostawać	yu-fa
zostać	wo
zrealizować	ma-zhao
zrozumienie siły	xia-mei
zrozumieć	ai-cui
zrozumieć	shi-huai
zrównoważony	guo-nen-zhuo
zupa	qun-te
zużyty	fu-mai
zużywać	zai-wu
zwalniać	kuo-heng
zwichnięcie	gang-gou
zwiedzać	lian-cong
zwierzę domowe	dongo-bao
zwierzęta	dongo-xiang
zwierzęta wymarłe	dongo-lian
zwierzęta zagrożone	dongo-cheng
zwijać	lin-pa
związek	zan-ren
zwiększać	chun-man
zwracać uwagę	song-dong
zwycięstwo	a-qian
zwyciężyć	zang-liao
zwyczaj	ha-mou
zwykły	shuan-ei
zwykły, przeciętny	shuan-ei
zwój malarzy	hua-ze
zysk	rao-tao
ząb	chun
zła energia	jia-gui
zła fortuna	zhun-shen
złamanie	za-ru
złamać	kun-eng
złapać	chio
złota rybka	dongo-che
złotnik	sui-sang
złoto	huaio
złotożółty	nou-chou
złoty dzwon	nou-gu-nu
złoty dzwon (technika)	nou-gu-nu
złoty eliksir	nou-run
zły	nuo
ósmy	na-zhui
ćwiczyć	rang-gun
ćwiczyć, praktykować	rang-gun
ćwierkanie	mi-li
łabędź	cuan-gai
łagodny	sui-liao
łagodny, delikatny	sui-liao
łajać	cen-bu
łapać	cang-huang
łapać	seng-lou
łapać (w powietrzu)	seng-lou
łatwy	kuo
łańcuch	qiao-zuan
łkać	beio-miu
łoskot	chuang-rui
łoskot	tuo-lao-suan
łoskot, huk	chuang-rui
łowić ryby	haio-wei
łowy	qi-niao
łucznicy	ei-tan
łuk	bian
łuk pamiątkowy	ye-cai
łyżka	nuo-zhun
łódź	ha-jing
łódź rybacka	haio-men
łóżko	zhai-lie
łączyć	duo-mian
łączyć	se-si
łączyć, jednoczyć	duo-mian
Śledziona	mo-qi
Śledziona (TCM)	mo-qi
ściana	ling-dian
ściereczka do herbaty	wang-cha
ścierka	bai-pai
ścigać	zhong-dian
ścigać (wroga)	zhong-dian
ślimak	han-jian
ślimak wodny	rong-chua
ślub	pin-kun
śmiać się	tao-pin
śmiać się radośnie	tao-mai
śmiertelny wróg	qiu-xin
śmierć	weng-qing
śmieć	zeng-reng
śniadanie	fano-sang
śnieg	xueo
śpiewać	song-ye
średni	zhi-re
środek	mei-chi
środek, umiarkowanie	mei-chi
środowisko	zhuai-hu
śruba	jiang-can
świadek	shuan-ti
świat	fa-gu
świat	san-wang
świat ludzi	zhan-fa-bian
świat zwierząt	dongo-re
światło słoneczne	ce-wo
świeca	muo-ling
świecznik	shun-pin
świerszcz	shuo-reng
świetlik	dai-die-xiang
świeżo pachnący	jiong-peng
świeży	miao-seng
świnia	tuno-zhun
świst wiatru	fengo-ni
świt	chang-man
świątynia	kei-qu
świątynia taoistyczna	he-she
świątynia, sanktuarium	kei-qu
święto	dia-long
źrebię	bian-kang
źródło	yuano-seng
żaglowiec	chu-mang
żal	beio-mou
żal, skrucha	beio-mou
żałoba	beio-shuo
żałoba, głęboki smutek	beio-shuo
żelazna dłoń	duo-gua-bao
żeń-szeń	heng-gao
żniwa	zhen-zhe
żona	miao-you
żona wujka	pi-guo
żołnierz	fou-bing
żołądek	kuo-jiong
żołądek (organ)	kuo-jiong
żuć	chuo-pei
żwir	zhui-zhuai
życzliwość	e-ling
życzyć sobie	wan-lang
życzę tobie	hang-xin
żywy	bian-ruo
żywy	lue
żyć	qio
żółty	nou
żółty ziemisty	nou-gang
żółw	guio-yao
żółw błotny	guio-cuan
żółw i wąż	sheo-da
żółwia prędkość	guio-ang
żądać	dian-quan
